,yhat
0,353.3350693549415
1,198.29449284382147
2,62.48905242611232
3,-6.562050420649655
4,12.326321038684057
5,100.26593308163052
6,209.79145675193132
7,293.5077807971882
8,329.0050214017323
9,323.71509305831216
10,300.53409580606046
11,279.25636649744456
12,268.4714428779289
13,270.0277326343904
14,286.5753595082496
15,322.56322606981223
16,378.55430680734065
17,446.73106414155643
18,513.6300056858727
19,567.3098735198048
20,600.760051498916
21,607.8729243337882
22,578.0005966228325
23,498.84095220442833
24,369.616155323388
25,214.01278905131778
26,78.22767554058686
27,9.833575182851973
28,30.063171291147
29,120.06888046012739
30,232.4183119933988
31,319.74084511244797
32,359.641993965884
33,359.5594349412476
34,342.38496015407327
35,327.8982123497677
36,324.66345613001204
37,334.4931821650862
38,359.9910195605269
39,405.5489973798803
40,471.6631686936434
41,550.4394878733891
42,628.3289558916065
43,693.2965192130769
44,738.2303015670714
45,756.9148940719973
46,738.5891023118177
47,670.833119769328
48,552.7482170251164
49,407.8981290616881
50,282.3561712303821
51,223.57226637876718
52,252.65827433526266
53,350.64914856140365
54,469.99972750620475
55,563.2326137107221
56,607.8537953091088
57,611.2098692031307
58,596.1111155100341
59,582.266264758659
60,578.1801999748758
61,585.6183787771969
62,607.150440228098
63,647.148028394311
64,706.1008385795138
65,776.1227709220074
66,843.6872019608828
67,896.7958571798999
68,928.3878629956059
69,932.3127048539733
70,897.8874925995647
71,812.7835071842857
72,676.2051243098949
73,511.8303051747186
74,365.8566942545582
75,285.8675174535989
76,293.11568389360394
77,368.7836294383891
78,465.478723776563
79,535.8797091903432
80,557.6508414515193
81,538.2976083992478
82,500.7882922736023
83,464.9872339334461
84,439.55105765597324
85,426.3916577712326
86,428.21842762197775
87,449.53477792823867
88,490.9529645502462
89,544.6991236534792
90,597.3475367526647
91,636.9886193940912
92,656.6372211835833
93,650.2049714050181
94,607.0570775944626
95,514.8985554257637
96,372.95298805987443
97,204.90300611740994
98,56.93652713578115
99,-23.387054806766685
100,-14.852330404722977
101,63.672544626208605
102,164.7319645043393
103,240.9301425920118
104,269.84619476361553
105,258.89090074925014
106,230.9293967326819
107,205.71564357132456
108,191.7899147850156
109,190.94309055209334
110,205.76022266686817
111,240.61840186947222
112,296.0029318191606
113,364.0136922350611
114,431.100698480927
115,485.23333673079026
116,519.3098485729677
117,527.1307862499799
118,497.95683388991813
119,419.39596239119516
120,290.5830065743961
121,135.12084758734446
122,-0.8727670311929501
123,-69.89858001507918
124,-50.79096228730282
125,37.54269814712944
126,147.61817039158905
127,232.02157852003216
128,268.324286180198
129,263.9393365550802
130,241.74370705862586
131,221.51223087834776
132,211.81443838779978
133,214.47811471279158
134,232.13204960177347
135,269.20302291258844
136,326.2310428396419
137,395.3747325183927
138,463.1458860949598
139,517.5776871177812
140,551.6331770785107
141,559.1777089079354
142,529.5357942831076
143,450.37732509227504
144,320.8962699876445
145,164.75104031229768
146,28.110568162082814
147,-41.47970848635356
148,-22.8135501173723
149,65.23622754347355
150,175.2135637010943
151,259.7260940350608
152,296.35988906823985
153,292.5358587038009
154,271.1320817228011
155,251.9179099767222
156,243.45109660172898
157,247.54173942277316
158,266.7955090953509
159,305.61119759948167
160,364.49659515771606
161,435.57458135250994
162,505.3184406046569
163,561.7208832164472
164,597.7033476474712
165,607.0893062240227
166,579.1619701460875
167,501.55136131282666
168,373.41383888721896
169,218.3732623884522
170,82.56782199070454
171,13.516719164317749
172,32.405090642186906
173,120.34470270435247
174,229.87022639481555
175,313.58655046105383
176,349.08379108452715
177,343.7938627603741
178,320.6128655278401
179,299.33513623925694
180,288.5502126380467
181,290.10650241618237
182,306.65412930952226
183,342.6419958903119
184,398.633076646978
185,466.8098340006157
186,533.7087755666748
187,587.3886434187202
188,620.8388214176189
189,627.9516942721544
190,598.0793665804349
191,518.9197221809667
192,389.6949253189041
193,234.0915590757854
194,98.3064455777801
195,29.912345238348564
196,50.141941366695505
197,140.14765055131284
198,252.49708210826944
199,339.81961524687705
200,379.72076412108464
201,379.63820511647606
202,362.4637303461643
203,347.9769825619674
204,344.74222636233355
205,354.57195241726475
206,380.0697898321978
207,425.6277676708133
208,491.7419390032827
209,570.5182582024497
210,648.4077262404178
211,713.3752895823541
212,758.3090719563081
213,776.9936644808936
214,758.6678727379506
215,690.9118902162077
216,572.8269874913387
217,427.97689954687075
218,302.4349417355423
219,243.6510369043164
220,272.7370448794931
221,370.7279191248383
222,490.0784980897863
223,583.3113843151
224,627.9325659324331
225,631.2886398457415
226,616.1898861721912
227,602.3450354408926
228,598.2589706753854
229,605.697149499589
230,627.2292109699628
231,667.2267991553933
232,726.1796093598366
233,796.2015417602273
234,863.7659728573271
235,916.8746281347765
236,948.46663400894
237,952.3914759280633
238,917.9662637288079
239,832.8622783709585
240,696.2838955540371
241,531.9090764797514
242,385.935465617328
243,305.9462888734446
244,313.19445537160914
245,388.8624009748386
246,485.55749537088093
247,555.9584808421228
248,577.7296131628297
249,558.3763801690984
250,520.8670640993732
251,485.06600581781765
252,459.6298295989591
253,446.47042977224396
254,448.2971996809516
255,469.61355004492106
256,511.0317367266539
257,564.7778958857829
258,617.4263090432203
259,657.0673917430129
260,676.7159935909924
261,670.2837438706167
262,627.1358501166137
263,534.9773280071788
264,393.03176070058515
265,224.9817788136408
266,77.01529989582576
267,-3.3082819931529457
268,5.226442467670779
269,83.75131755432886
270,184.81073748726863
271,261.0089156382433
272,289.9249678673068
273,278.9696739107419
274,251.00816995304615
275,225.7944168502662
276,211.86868812045614
277,211.02186394480566
278,225.8389961204033
279,260.6971753807303
280,316.0817053881283
281,384.09246586196184
282,451.1794721660864
283,505.3121104741495
284,539.388622372966
285,547.2095600905657
286,518.0356077685911
287,439.47473630772333
288,310.6617805288192
289,155.19962158266807
290,19.206007002240256
291,-49.819805944194854
292,-30.71218817712827
293,57.621472296159936
294,167.6969445788968
295,252.10035274158628
296,288.4030604430585
297,284.0181108589991
298,261.82248139865726
299,241.5910052581269
300,231.8932128058414
301,234.55688916957777
302,252.2108240969381
303,289.2817974458763
304,346.30981741288485
305,415.45350713072304
306,483.22466074310876
307,537.6564618046116
308,571.711951804221
309,579.2564836722289
310,549.6145690843597
311,470.4560999331858
312,340.97504486824323
313,184.82981522915006
314,48.18934311779003
315,-21.400933491379362
316,-2.734775083263287
317,85.31500261392586
318,195.2923388105825
319,279.8048691843038
320,316.4386642553592
321,312.61463392913623
322,291.21085698682225
323,271.99668527974995
324,263.529871943775
325,267.62051480068635
326,286.87428451436944
327,325.68997305661145
328,384.57537064804035
329,455.6533568861015
330,525.3972161769143
331,581.7996588273016
332,617.7821232953554
333,627.1680819097214
334,599.2407458730177
335,521.6301370775935
336,393.49261468986026
337,238.4520382293756
338,102.64659787209462
339,33.595495084807055
340,52.48386660038511
341,140.42347870142214
342,249.94900243017798
343,333.6653265342484
344,369.16256719559084
345,363.8726389121769
346,340.6916417175816
347,319.41391246622584
348,308.62898890400334
349,310.1852785789115
350,326.73290536866807
351,362.7207718456205
352,418.71185250048165
353,486.8886097512929
354,553.7875512113385
355,607.4674189605305
356,640.9175968563873
357,648.0304696075806
358,618.1581418104902
359,538.998497308795
360,409.7737003445346
361,254.17033399518616
362,118.38522039410566
363,49.991119952014174
364,70.2207159758546
365,160.226425059612
366,272.57585651133877
367,359.89838954753264
368,399.79953831528906
369,399.71697920938016
370,382.54250433597645
371,368.0557564488443
372,364.8210001470355
373,374.6507260950368
374,400.14856340714863
375,445.706541143736
376,511.82071237287516
377,590.5970314684731
378,668.486499403199
379,733.454062642016
380,778.3878449110773
381,797.0724373315497
382,778.7466454871135
383,710.9906628613066
384,592.9057600324128
385,448.0556719845413
386,322.51371407014267
387,263.7298091360094
388,292.81581700878183
389,390.8066911510632
390,510.15727001236894
391,603.3901561338745
392,648.0113376471276
393,651.3674114566927
394,636.2686576812512
395,622.4238068454137
396,618.337741976991
397,625.775920699495
398,647.3079820649409
399,687.3055701465355
400,746.2583802487876
401,816.28031250202
402,883.8447434624456
403,936.9533985965691
404,968.545404329172
405,972.4702461065729
406,938.0450337649921
407,852.9410482646654
408,716.3626653070567
409,551.9878460883996
410,406.01423508438546
411,326.02505819932577
412,333.27322455631986
413,408.94117001797156
414,505.63626427186034
415,576.0372496014706
416,597.8083817793772
417,578.4551486434333
418,540.9458324314585
419,505.14477400846044
420,479.7085976481722
421,466.5491976771656
422,468.37596744458233
423,489.69231766807786
424,531.1105042072909
425,584.8566632243412
426,637.5050762400302
427,677.1461587988982
428,696.7947605036841
429,690.3625106406673
430,647.2146167512515
431,555.0560944942971
432,413.11052704515413
433,245.06054501607062
434,97.09406595669162
435,16.770483926454574
436,25.30520824439577
437,103.8300831884917
438,204.889502982781
439,281.08768099121255
440,310.00373307770815
441,299.04843897840885
442,271.0869348804513
443,245.87318163439494
444,231.94745276342005
445,231.10062844609104
446,245.91776047964595
447,280.7759395976773
448,336.1604694645846
449,404.1712297970718
450,471.25823595866046
451,525.3908741236415
452,559.4673858809001
453,567.28832345664
454,538.1143709923747
455,459.5534993889117
456,330.74054346920167
457,175.2783843790836
458,39.28476965710746
459,-29.741043430463662
460,-10.633425804624437
461,77.70023452710149
462,187.77570666769859
463,272.17911468809376
464,308.4818222488676
465,304.0968726117999
466,281.90124310083854
467,261.66976691034756
468,251.97197440794696
469,254.6356507189251
470,272.28958559583634
471,309.36055889589824
472,366.38857881189546
473,435.53226847896025
474,503.30342203587276
475,557.7352230524052
476,591.7907130001682
477,599.335244816874
478,569.6933301801866
479,490.53486097775306
480,361.05380586159197
481,204.90857617152068
482,68.2681040099398
483,-1.3221726490361334
484,17.343985707662682
485,105.3937633563798
486,215.3710995022355
487,299.88362982475894
488,336.51742484455417
489,332.6933944674109
490,311.2896174764047
491,292.07544571733865
492,283.608632329391
493,287.6992751380192
494,306.9530448009922
495,345.76873329226805
496,404.65413083269425
497,475.73211702236813
498,545.4759762619599
499,601.8784188581344
500,637.8608832783576
501,647.2468418421872
502,619.3195057542692
503,541.7088969136539
504,413.57137447029714
505,258.53079795975736
506,122.72535754986546
507,53.67425471267455
508,72.56262617861262
509,160.50223822939773
510,270.0277619030877
511,353.74408596004406
512,389.24132657197924
513,383.95139823588903
514,360.77040099085673
515,339.492671689354
516,328.70774807699604
517,330.264037840943
518,346.81166472269877
519,382.7995312924661
520,438.7906120381578
521,506.967369380133
522,573.8663109316703
523,627.5461787724006
524,660.9963567599412
525,668.1092296001409
526,638.2369018961869
527,559.0772574851284
528,429.85246061154675
529,274.24909435355556
530,138.46398084416376
531,70.06988049417589
532,90.29947660875575
533,180.30518578344405
534,292.6546173286521
535,379.97715045554816
536,419.87829931358345
537,419.7957402986771
538,402.6212655185742
539,388.1345177218994
540,384.89976151001775
541,394.7294875513497
542,420.2273249546763
543,465.78530277914405
544,531.8994741023121
545,610.6757932890838
546,688.5652613169982
547,753.5328246452809
548,798.4666070060282
549,817.1511995178882
550,798.8254077648771
551,731.0694252297199
552,612.9845224915149
553,468.13443453733817
554,342.59247671384344
555,283.8085718702057
556,312.8945798350729
557,410.8854540690362
558,530.2360330214425
559,623.4689192328508
560,668.0901008386377
561,671.4461747400007
562,656.3474210539264
563,642.50257030989
564,638.416505533281
565,645.8546843473337
566,667.3867458019943
567,707.3843339763821
568,766.3371441647311
569,836.3590765141043
570,903.9235075660106
571,957.0321627918464
572,988.624168616442
573,992.5490104847922
574,958.1237982324501
575,873.0198128245326
576,736.4414299648113
577,572.0666108300577
578,426.09299991771815
579,346.1038231247455
580,353.3519895567767
581,429.01993509362524
582,525.715029423649
583,596.1160148291219
584,617.8871470819186
585,598.5339140212076
586,561.0245978849388
587,525.2235395382032
588,499.78736325212236
589,486.6279633587351
590,488.4547332015619
591,509.77108350021365
592,551.1892701151528
593,604.9354292075795
594,657.5838423009407
595,697.2249249332891
596,716.8735267137854
597,710.4412769264057
598,667.293383112199
599,575.1348609301524
600,433.1892935559576
601,265.13931161262315
602,117.17283262107992
603,36.84925066541507
604,45.383975059567035
605,123.90885007907411
606,224.96826994870077
607,301.1664480318875
608,330.08250019510587
609,319.12720617179235
610,291.1657021474039
611,265.9519489773985
612,252.026220184459
613,251.17939594124232
614,265.99652805019673
615,300.85470724313905
616,356.23923718519865
617,424.24999759306655
618,491.33700383036165
619,545.4696420710782
620,579.5461539042662
621,587.3670915556359
622,558.1931391646017
623,479.6322676378999
624,350.8193117932344
625,195.35715277850065
626,59.36353813239623
627,-9.662274878890287
628,9.445342821503289
629,97.77900322840378
630,207.85447544511695
631,292.2578835421809
632,328.56059117784383
633,324.1756415246878
634,301.98001199808937
635,281.7485357924868
636,272.05074327299883
637,274.714419570082
638,292.36835443130667
639,329.43932771521696
640,386.46734761480604
641,455.6110372598711
642,523.3821908072282
643,577.8139918086137
644,611.8694817407458
645,619.414013544033
646,589.7720988887443
647,510.61362966989293
648,381.13257453735656
649,224.98734483441572
650,88.34687265662444
651,18.756595980777718
652,37.42275432236494
653,125.47253195566685
654,235.44986808552844
655,319.9623983916356
656,356.5961933968613
657,352.77216300438386
658,331.36838599518217
659,312.1542142208617
660,303.687400817671
661,307.7780436108021
662,327.03181325788637
663,365.84750173265945
664,424.73289925872683
665,495.81088543081177
666,565.554744654785
667,621.9571872356256
668,657.9396516404495
669,667.32561018858
670,639.3982740871262
671,561.7876652274255
672,433.6501427679002
673,278.60956624136765
674,142.80412582092356
675,73.7530229638557
676,92.64139441257578
677,180.58100644723027
678,290.1065301057351
679,373.8228541483269
680,409.32009474384716
681,404.03016639168106
682,380.84916913102404
683,359.57143981424906
684,348.78651618480285
685,350.34280593501205
686,366.8904328008521
687,402.87829935445086
688,458.8693800839641
689,527.0461374099881
690,593.9450789459037
691,647.6249467714672
692,681.0751247417805
693,688.1879975679093
694,658.3156698480144
695,579.1560254205316
696,449.931228539009
697,294.3278622763288
698,158.54274875920942
699,90.14864840083192
700,110.37824450807005
701,200.3839536757932
702,312.73338521346045
703,400.0559183286972
704,439.9570671828769
705,439.87450816312105
706,422.7000333732615
707,408.2132855697471
708,404.9785293510375
709,414.80825538527546
710,440.30609278114247
711,485.8640705978959
712,551.9782419146861
713,630.754561094679
714,708.6440291076424
715,773.6115924347855
716,818.5453747885927
717,837.229967293211
718,818.904175530533
719,751.1481929892175
720,633.063290244887
721,488.2132022813168
722,362.6712444508474
723,303.8873396006475
724,332.9733475585783
725,430.96422178275105
726,550.3148007284022
727,643.5476869345066
728,688.1688685323088
729,691.5249424260242
730,676.4261887327698
731,662.5813379818723
732,658.4952731984123
733,665.9334520024516
734,687.4655134524202
735,727.4631016191008
736,786.4159117996721
737,856.437844141543
738,924.0022751862753
739,977.1109304051449
740,1008.7029362209715
741,1012.627778081333
742,978.2025658237812
743,893.0985804139796
744,756.5201975401387
745,592.1453783980861
746,446.17176748077713
747,366.18259068127986
748,373.43075712015946
749,449.09870266580054
750,545.7937970040409
751,616.1947824175618
752,637.965914678155
753,618.6126816284237
754,581.1033654999925
755,545.3023071601104
756,519.8661308829701
757,506.70673099858266
758,508.533500849744
759,529.849851156477
760,571.2680377809336
761,625.0141968823843
762,677.6626099816074
763,717.303692622812
764,736.9522944121442
765,730.520044633302
766,687.3721508260362
767,595.2136286535742
768,453.2680612889957
769,285.21807935150196
770,137.25160036876514
771,56.92801842232012
772,65.46274282446763
773,143.9876178541631
774,245.04703773005573
775,321.2452158230846
776,350.161267992544
777,339.205973978978
778,311.24446996359325
779,286.03071680251344
780,272.1049880185093
781,271.2581637805775
782,286.0752958986286
783,320.93347510172
784,376.31800505184367
785,444.3287654680021
786,511.4157717139163
787,565.548409963473
788,599.6249218036584
789,607.4458594628062
790,578.2719070826556
791,499.7110355637035
792,370.89807972682655
793,215.4359207203206
794,79.44230608475885
795,10.416493080894725
796,29.52411079054997
797,117.85777120627745
798,227.93324343123857
799,312.3366515359933
800,348.6393591794564
801,344.2544095344408
802,322.05878001846696
803,301.8273038197945
804,292.12951130924375
805,294.79318761627286
806,312.4471224845354
807,349.51809577650357
808,406.5461156864733
809,475.6898053405725
810,543.4609588957661
811,597.8927599036989
812,631.9058088242741
813,639.4078996157045
814,609.7235439483279
815,530.5226337170927
816,400.99913758059057
817,244.8114668565324
818,108.12855366718736
819,38.49583598020041
820,57.11955331065218
821,145.12688993240926
822,255.06178504836052
823,339.53187434366515
824,376.1232283362988
825,372.2567569315932
826,350.81053891068655
827,331.5539261249161
828,323.0446717102883
829,327.0928734889769
830,346.30420212474246
831,385.07744958937496
832,443.92040610315297
833,514.9559512631598
834,584.6573694753803
835,641.0173710443962
836,676.9573944358254
837,686.3009119713425
838,658.3311348601961
839,580.6780849879049
840,452.4981215158299
841,297.41510397715797
842,161.5672225451504
843,92.47367867672011
844,111.31960911476068
845,199.21678013393557
846,308.69986278418173
847,392.37374581415156
848,427.82854539708524
849,422.4961760318021
850,399.2727377620257
851,377.9525674319833
852,367.12520279111857
853,368.6390515296632
854,385.1442373834591
855,421.0896629247597
856,477.03830264385067
857,545.1726189585472
858,612.0291194819398
859,665.6665462939179
860,699.0742832526676
861,706.1447150669346
862,676.2299463347508
863,597.0278608946787
864,467.76062299425274
865,312.1148157086376
866,176.28726117149387
867,107.85071979350715
868,128.03787488170798
869,218.00114302943126
870,330.3081335465191
871,417.58822564097864
872,457.44693347596035
873,457.32193343350264
874,440.10501762288413
875,425.5758287999209
876,422.2986315613636
877,432.0859165724971
878,457.54131294809207
879,503.05684974644834
880,569.1285800429474
881,647.8624582024221
882,725.7094851951938
883,790.63460750228
884,835.5259488341123
885,854.168100317645
886,835.7998675369681
887,768.0014439746101
888,649.8741002092764
889,504.98157122489954
890,379.39717237443807
891,320.5708265046576
892,349.6143934413
893,447.56282664755093
894,566.8709645726103
895,660.0614097577103
896,704.6401503344832
897,707.9537832075064
898,692.8125884951954
899,678.9252967226121
900,674.7967909174896
901,682.1925287035803
902,703.6821491330406
903,743.6372962789596
904,802.5476654388513
905,872.5271567626785
906,940.0491467864229
907,993.1153609811043
908,1024.6649257792803
909,1028.5473266193053
910,994.0796733411607
911,908.9332469103256
912,772.3124230175779
913,607.8951628554696
914,461.8791109154022
915,381.84749309629973
916,389.05321851557767
917,464.67872304120715
918,561.3313763549813
919,631.6899207513902
920,653.4186119927938
921,634.022937920289
922,596.4711807721511
923,560.6276814123993
924,535.1490641154027
925,521.9472232082018
926,523.7315520396116
927,545.0054613274073
928,586.3273961178002
929,639.977303385626
930,692.529464651552
931,732.0742954602817
932,751.6266454165263
933,745.0981438017654
934,701.8539981625902
935,609.5992241560396
936,467.55740495741276
937,299.4111711862807
938,151.34844037048026
939,70.92860659138415
940,79.36707915879788
941,157.79570235463615
942,258.75887039961026
943,334.8607966561302
944,363.6805969943624
945,352.6290511470243
946,324.57129529956455
947,299.2612903049712
948,285.2393096848979
949,284.29623361609595
950,299.0171139005776
951,333.77904126747615
952,389.0673193861277
953,456.981827971039
954,523.9725823829066
955,578.0089687977149
956,611.9892288048059
957,619.71391463056
958,590.4437104165435
959,511.786587063493
960,382.8773793925577
961,227.31896855493184
962,91.22910208380569
963,22.107037247251185
964,41.11840312412471
965,129.35581170673584
966,239.3350320980034
967,323.6421883689111
968,359.8486441801243
969,355.3674427021175
970,333.07556135027266
971,312.74783331864637
972,302.95378897515315
973,305.5212134489734
974,323.0788964820623
975,360.05361794204873
976,416.9853860122909
977,486.03282383794095
978,553.7077255598448
979,608.0432747349382
980,642.0025128427981
981,649.4507928188701
982,619.7126263388209
983,540.4579052954675
984,410.8805983452765
985,254.63911680810372
986,117.90239280603464
987,48.21586430673534
988,66.78577082299188
989,154.73929663126393
990,264.6203809364597
991,349.0366594181521
992,385.5742025970829
993,381.6539203790141
994,360.153891546972
995,340.84346794676344
996,332.28040271771727
997,336.27479368553156
998,355.4323115081166
999,394.1517481593127
1000,452.940893859415
1001,523.9226282061702
1002,593.5702356070665
1003,649.8764263617942
1004,685.7626389405127
1005,695.0523456630201
1006,667.0287577386827
1007,589.3218970526489
1008,461.0881227668692
1009,305.9512944241588
1010,170.04960217185555
1011,100.90224748949765
1012,119.6943671151538
1013,207.53772732160644
1014,316.9669991585506
1015,400.5870713745833
1016,435.98806014370086
1017,430.6018799677903
1018,407.3246308825857
1019,385.9506497399667
1020,375.0694742881741
1021,376.5295122121869
1022,392.980887252746
1023,428.87250198066386
1024,484.76733088622365
1025,552.8478363876645
1026,619.6505260981311
1027,673.2341420974171
1028,706.5880682434542
1029,713.6046892447109
1030,683.6361096975182
1031,604.3802134455441
1032,475.05916473115707
1033,319.3595466325057
1034,183.47818128265453
1035,114.98782909237178
1036,135.1211733664352
1037,225.03063070070235
1038,337.28381040527563
1039,424.5100916876679
1040,464.31498870894984
1041,464.1361778531335
1042,446.86545122919836
1043,432.2824515938826
1044,428.89498500489503
1045,438.5720006704247
1046,463.9171276958067
1047,509.3223951447151
1048,575.2838560917543
1049,653.9074648956736
1050,731.6442225458585
1051,796.4590755042573
1052,841.2401474875239
1053,859.7720296236196
1054,841.2935274915324
1055,773.384834579472
1056,655.1472214644754
1057,510.1444231334363
1058,384.44975493348585
1059,325.5131397135614
1060,354.4464373021613
1061,452.2846011597103
1062,571.4824697354895
1063,664.5626455705899
1064,709.031116799284
1065,712.234480323724
1066,696.9830162606152
1067,682.9854551394371
1068,678.74667998573
1069,686.0321484229688
1070,707.4114995032107
1071,747.2563772995487
1072,806.0564771117179
1073,875.9256990845582
1074,943.337419759395
1075,996.2933646054698
1076,1027.7326600549827
1077,1031.5047915460443
1078,996.9268689211001
1079,911.6701731378774
1080,774.9390798952111
1081,610.4115503837985
1082,464.28522910009883
1083,384.1433419275874
1084,391.238797996916
1085,466.75403317309303
1086,563.2964171387734
1087,633.5446921873462
1088,655.1631140790619
1089,635.6571706567929
1090,597.9951441596825
1091,562.0413754513511
1092,536.4524888041805
1093,523.1403785495265
1094,524.8144380317518
1095,545.9780779701116
1096,587.2435542247193
1097,640.8370029564126
1098,693.3327056865342
1099,732.8210779592089
1100,752.3169693780025
1101,745.7320092291009
1102,702.4314050536461
1103,610.1201725104468
1104,468.02189477521165
1105,299.81920247043513
1106,151.70001311821613
1107,71.22372080204497
1108,79.60573483498587
1109,157.97789949521507
1110,258.88460900399923
1111,334.93007672347375
1112,363.6934185267437
1113,352.58541414387736
1114,324.47119975824074
1115,299.1047362281696
1116,285.026297072629
1117,284.02676246784546
1118,298.69118421669646
1119,333.3966530470062
1120,388.62847263087156
1121,456.486522678009
1122,523.4208185493809
1123,577.4007464333177
1124,611.3245479047919
1125,618.9927751946273
1126,589.6661124422913
1127,510.9525305544498
1128,381.9868643487562
1129,226.3719949731416
1130,90.22566996635845
1131,21.04714659455999
1132,40.00205393630341
1133,128.18300398075866
1134,238.10576583664067
1135,322.35646357271463
1136,358.5064608473132
1137,353.9688008330305
1138,331.6204609452134
1139,311.2362743780814
1140,301.38577149745436
1141,303.89673743457155
1142,321.3979619339161
1143,358.31622485752797
1144,415.1915343916069
1145,484.1825136811036
1146,551.800956867184
1147,606.0800475044932
1148,639.9828270775679
1149,647.3746485193296
1150,617.5800235029326
1151,538.26884392848
1152,408.63507843594334
1153,252.33713836517308
1154,115.54395582671555
1155,45.800968791733965
1156,64.31441677147666
1157,152.21148404414902
1158,262.03610981316695
1159,346.39592975827225
1160,382.8769865965061
1161,378.90021804059086
1162,357.34370286602757
1163,337.97679292624014
1164,329.3572413576276
1165,333.29514598562287
1166,352.3961774679992
1167,391.0591277787332
1168,449.79178714020736
1169,520.717035147469
1170,590.3081562060809
1171,646.5578606211338
1172,682.3875868601535
1173,691.62080724266
1174,663.5407329756385
1175,585.7773859507176
1176,457.4871253260866
1177,302.2938106414119
1178,166.3356320494023
1179,97.13179102775189
1180,115.86742431233665
1181,203.65429818087603
1182,313.02708367557636
1183,396.5906695530142
1184,431.93517198144355
1185,426.4925054651324
1186,403.158770039996
1187,381.7283025577654
1188,370.7906407663822
1189,372.1941923480341
1190,388.589081049202
1191,424.42420943577326
1192,480.26255200354444
1193,548.286571164759
1194,615.032774535327
1195,668.559904194982
1196,701.8573439994932
1197,708.8174786600011
1198,678.7924127747194
1199,599.4800301820134
1200,470.10249512693645
1201,314.34639068800686
1202,178.4085390005285
1203,109.86170046911639
1204,129.9385584039042
1205,219.7915293984732
1206,331.98822276276894
1207,419.1580177040893
1208,458.9064283846437
1209,458.67113118843963
1210,441.34391822698615
1211,426.7044322499999
1212,423.3169378574511
1213,432.9939257191546
1214,458.3390249403459
1215,503.7442645848091
1216,569.7056977292203
1217,648.3292787291497
1218,726.0660085746333
1219,790.8808337275057
1220,835.6618779067733
1221,854.1937322396027
1222,835.7152023030624
1223,767.8064815860723
1224,649.5688406746881
1225,504.5660145314035
1226,378.871318527732
1227,319.934675504496
1228,348.8679452894074
1229,446.7060813432537
1230,565.9039221126759
1231,658.9840701452355
1232,703.4525135694184
1233,706.6558492894525
1234,691.4043574221895
1235,677.4067684974069
1236,673.1679655401078
1237,680.4534061707297
1238,701.8327294475405
1239,741.6775794413729
1240,800.4776514491141
1241,870.346845617702
1242,937.7585384886139
1243,990.7144555309027
1244,1022.1537231748603
1245,1025.9258268611475
1246,991.347876434278
1247,906.0911528462747
1248,769.3600317988687
1249,604.8324744905528
1250,458.7061253961435
1251,378.56421042051744
1252,385.65963868638636
1253,461.17484605529063
1254,557.7172022198529
1255,627.9654494634742
1256,649.5838435504484
1257,630.0778723237805
1258,592.4158180248189
1259,556.462021511044
1260,530.8731070600559
1261,517.560969002107
1262,519.2350006801345
1263,540.3986128140433
1264,581.6640612658196
1265,635.257482193985
1266,687.7531571193839
1267,727.2415015863894
1268,746.7373652014617
1269,740.1523772485392
1270,696.8517452685949
1271,604.5404849206957
1272,462.4421793825819
1273,294.2394592722525
1274,146.12024211632092
1275,65.64392199684812
1276,74.02590820056241
1277,152.39804503167522
1278,253.3047267107635
1279,329.3501665997727
1280,358.11348057306895
1281,347.0054483603962
1282,318.8912061461853
1283,293.5247147866865
1284,279.44624780212
1285,278.4466853654493
1286,293.1110792851494
1287,327.8165202874178
1288,383.0483120416175
1289,450.9063342590811
1290,517.8406023011047
1291,571.8205023559232
1292,605.7442759960435
1293,613.4124754582754
1294,584.0857848763358
1295,505.3721751583123
1296,376.4064811224773
1297,220.79158391716146
1298,84.64523108124513
1299,15.46667988070152
1300,34.42155939190707
1301,122.60248160903564
1302,232.52521563518343
1303,316.77588554111367
1304,352.92585498554666
1305,348.3881671414389
1306,326.0397994262414
1307,305.65558502826764
1308,295.80505431845825
1309,298.31599242651174
1310,315.81718909622305
1311,352.7354241899467
1312,409.610705896213
1313,478.6016573567887
1314,546.2200727127504
1315,600.4991355184081
1316,634.4018872623512
1317,641.7936808746846
1318,611.9990280284328
1319,532.6878206240157
1320,403.05402730338545
1321,246.75605940104057
1322,109.9628490380598
1323,40.21983416970022
1324,58.733254320701235
1325,146.63029376422173
1326,256.4548916991076
1327,340.81468381840284
1328,377.2957406323802
1329,373.31897204895733
1330,351.7624568492229
1331,332.395546884518
1332,323.77599529099996
1333,327.71389989108286
1334,346.81493134866855
1335,385.47788163542947
1336,444.21054097106884
1337,515.1357889527342
1338,584.7269099860786
1339,640.9766143761485
1340,676.8063405901198
1341,686.0395609444346
1342,657.9594866546563
1343,580.1961396036482
1344,451.9058789529678
1345,296.7125642426512
1346,160.75438562557264
1347,91.55054457926411
1348,110.28617783723496
1349,198.07305167996986
1350,307.4458371517775
1351,391.0094229997544
1352,426.35392540535605
1353,420.9112588633307
1354,397.5775234147386
1355,376.14705590672355
1356,365.20939408767856
1357,366.6129456459435
1358,383.0078343215468
1359,418.8429626823006
1360,474.68130522416607
1361,542.7053243625018
1362,609.4515277070318
1363,662.9786573397738
1364,696.2760971192279
1365,703.2362317543808
1366,673.211165843546
1367,593.8987832247665
1368,464.521248143655
1369,308.76514368194296
1370,172.8272919665689
1371,104.28045341051609
1372,124.3573113201004
1373,214.21028228961075
1374,326.406975628272
1375,413.5767705441474
1376,453.3251812004723
1377,453.0898839792975
1378,435.762670989852
1379,421.123184987956
1380,417.7356905705107
1381,427.41267840665756
1382,452.7577776005001
1383,498.1630172209613
1384,564.1244503340913
1385,642.7480313143394
1386,720.4847611345557
1387,785.2995862624882
1388,830.0806304167222
1389,848.6124847214755
1390,830.1339547599156
1391,762.2252340188472
1392,643.9875930494688
1393,498.98476684816654
1394,373.29007078749487
1395,314.3534277087846
1396,343.2866974340407
1397,441.12483343011047
1398,560.3226741447763
1399,653.4028221193266
1400,697.8712654854785
1401,701.0746011478212
1402,685.8231092251649
1403,671.8255202416435
1404,667.5867172256254
1405,674.8721578009685
1406,696.2514810202742
1407,736.0963309563463
1408,794.8964029063501
1409,864.7655970173566
1410,932.1772898327617
1411,985.1332068162677
1412,1016.5724744032084
1413,1020.3445780321779
1414,985.7666275477347
1415,900.5099039017159
1416,763.7787827963334
1417,599.2512254327745
1418,453.12487628057056
1419,372.98296124631815
1420,380.0783894540692
1421,455.5935967674298
1422,552.1359528743818
1423,622.3842000604739
1424,644.002594089716
1425,624.4966228076528
1426,586.8345684491328
1427,550.8807718784764
1428,525.291857372811
1429,511.97971925497836
1430,513.6537508738776
1431,534.8173629518408
1432,576.0828113454401
1433,629.6762322160699
1434,682.1719070842639
1435,721.6602514942988
1436,741.1561150523798
1437,734.5711270421679
1438,691.2704950033374
1439,598.9592345991719
1440,456.8609290030425
1441,288.6582088345557
1442,140.5389916216037
1443,60.06267144552379
1444,68.44465761609325
1445,146.8167944148417
1446,247.72347606251105
1447,323.76891592156767
1448,352.5322298622624
1449,341.42419761732515
1450,313.3099553709454
1451,287.94346397974425
1452,273.8649969618972
1453,272.86543449713287
1454,287.52982838298215
1455,322.23526935292125
1456,377.467061074781
1457,445.3250832544738
1458,512.2593512719817
1459,566.2392512935483
1460,600.1630249024631
1461,607.8312243327746
1462,578.50453371844
1463,499.7909239677879
1464,370.8252298993624
1465,215.2103326643933
1466,79.06397979612615
1467,9.88542856259761
1468,28.840308042624144
1469,117.0212302281758
1470,226.9439642221674
1471,311.19463409549235
1472,347.3446035091787
1473,342.806915633583
1474,320.4585478838719
1475,300.0743334544177
1476,290.2238027131416
1477,292.7347407894647
1478,310.23593742708215
1479,347.1541724887094
1480,404.0294541621511
1481,473.0204055905988
1482,540.6388209147638
1483,594.9178836893186
1484,628.8206354016706
1485,636.2124289821118
1486,606.4177761060788
1487,527.1065686667067
1488,397.4727753132763
1489,241.17480737858878
1490,104.38159698402433
1491,34.638582084495
1492,53.15200220244441
1493,141.04904160953737
1494,250.87363951711345
1495,335.2334316057432
1496,371.71448838713656
1497,367.73771977050217
1498,346.18120453989036
1499,326.8142945437057
1500,318.19474291675556
1501,322.13264748707206
1502,341.23367891256197
1503,379.89662916697375
1504,438.6292884704793
1505,509.55453642003664
1506,579.1456574215983
1507,635.3953656945116
1508,671.2250957897559
1509,680.4583200289687
1510,652.378249621569
1511,574.6149064526348
1512,446.3246496840661
1513,291.1313388584854
1514,155.17316412375374
1515,85.9693269591366
1516,104.70496410076942
1517,192.4918418266181
1518,301.8646311809621
1519,385.4282209111851
1520,420.77272720061916
1521,415.3300645417929
1522,391.9963329735979
1523,370.56586934875935
1524,359.62821141293944
1525,361.03176685413996
1526,377.4266594122227
1527,413.2617916554027
1528,469.10013808174705
1529,537.1241611007018
1530,603.8703683232163
1531,657.3975018440296
1532,690.6949455066049
1533,697.6550840245786
1534,667.6300219943071
1535,588.3176432594546
1536,458.94011206230226
1537,303.18401148076754
1538,167.24616364848146
1539,98.69932897593185
1540,118.77619076935417
1541,208.6291656198455
1542,320.8258628417965
1543,407.9956616414062
1544,447.7440761798304
1545,447.50878284109365
1546,430.1815737341261
1547,415.5420916154456
1548,412.15460107947774
1549,421.83159279820575
1550,447.17669587721264
1551,492.5819393800548
1552,558.5433763755536
1553,637.1669612383957
1554,714.9036949415328
1555,779.7185239494765
1556,824.4995719878923
1557,843.0314301774131
1558,824.552904097761
1559,756.6441872442487
1560,638.4065501834742
1561,493.4037278994728
1562,367.70903575307284
1563,308.7723965879789
1564,337.7056702291974
1565,435.5438101403289
1566,554.7416547648481
1567,647.8218066580928
1568,692.2902539382869
1569,695.4935935173775
1570,680.2421055067562
1571,666.2445204384453
1572,662.0057213376517
1573,669.2911658280902
1574,690.6704929619598
1575,730.5153468123419
1576,789.3154226783954
1577,859.1846207047051
1578,926.5963174324736
1579,979.5522383311064
1580,1010.9915098331165
1581,1014.763617376856
1582,980.1856708048233
1583,894.9289510746747
1584,758.1978338851952
1585,593.6702804342721
1586,447.5439351971224
1587,367.40202407833647
1588,374.49745620155784
1589,450.0126674275993
1590,546.5550274498136
1591,616.8032785517795
1592,638.4216764950886
1593,618.9157091274333
1594,581.2536586832872
1595,545.2998660292817
1596,519.7109554373495
1597,506.3988212320861
1598,508.07285676792986
1599,529.2364727581877
1600,570.5019250683168
1601,624.0953498534719
1602,676.591028636519
1603,716.0793769623357
1604,735.5752444336215
1605,728.9902603373922
1606,685.6896322148023
1607,593.3783757246981
1608,451.2800740426705
1609,283.0773577886956
1610,134.95814449258785
1611,54.48182823014133
1612,62.863818316824506
1613,141.2359590306461
1614,242.14264459280795
1615,318.18808836531605
1616,346.95140622007193
1617,335.84337789191585
1618,307.72913955962844
1619,282.3626520820242
1620,268.284188979386
1621,267.2846304298135
1622,281.94902823024347
1623,316.72365591147224
1624,372.0246343416798
1625,439.9518432383496
1626,506.9552979652863
1627,561.0043846987556
1628,594.9973450199974
1629,602.7347311617418
1630,573.4772272565937
1631,494.8328042188216
1632,365.9362968702616
1633,210.3905863380566
1634,74.31342018182994
1635,5.204055660753966
1636,24.228121853126652
1637,112.47823075067731
1638,222.47015145433292
1639,306.79000804057625
1640,343.00916416527076
1641,338.5406630010235
1642,316.2614819631318
1643,295.9464542458196
1644,286.16511021669913
1645,288.74523500254213
1646,306.31561835247606
1647,343.3030401269841
1648,400.24750851191624
1649,469.3076466518612
1650,536.9952486878501
1651,591.3434981744481
1652,625.315436596999
1653,632.7764168884182
1654,603.0509507260658
1655,523.8089299977048
1656,394.24432335532674
1657,238.01554213849957
1658,101.29151844941725
1659,31.61769026257707
1660,50.20029709299939
1661,138.16652321211382
1662,248.0603078311328
1663,332.4892866307954
1664,369.03953012319937
1665,365.1319482179156
1666,343.6446197009524
1667,324.3468964150709
1668,315.79653150201204
1669,319.8036227826269
1670,338.97384091967757
1671,377.705977885394
1672,436.50782390160674
1673,507.5022585633913
1674,577.1625662759909
1675,633.4814573446594
1676,669.3803702372365
1677,678.6827772734831
1678,650.6718896627585
1679,572.9777292899005
1680,444.756655319518
1681,289.63252728923874
1682,153.74353535182627
1683,84.60888098493939
1684,103.41370092430446
1685,191.26976144747454
1686,300.71173359856016
1687,384.34450612488956
1688,419.7581952107636
1689,414.38471534861145
1690,391.12016657757977
1691,369.75888575019485
1692,358.8904106118404
1693,360.3631488477119
1694,376.8272242034411
1695,412.7315392450833
1696,468.6390684677848
1697,536.7322742775923
1698,603.5476643031596
1699,657.1439806213244
1700,690.510607079589
1701,697.5399283959811
1702,667.5840491625993
1703,588.3408532240401
1704,459.0325048232199
1705,303.34558703869266
1706,167.47692200374252
1707,98.99927012917243
1708,119.1453147185062
1709,209.06747236771645
1710,321.33335238643957
1711,408.57233398203016
1712,448.3899313167817
1713,448.22382077471474
1714,430.9657944672885
1715,416.3954951442235
1716,413.07718740564087
1717,422.82336192166287
1718,448.2376477975049
1719,493.7120740969273
1720,559.7426938908235
1721,638.4354615511841
1722,716.2413780506463
1723,781.1253898537991
1724,825.9756206895731
1725,844.5766616761523
1726,826.1673183974801
1727,758.327784336398
1728,640.159330073619
1729,495.2256905847361
1730,369.6001812400461
1731,310.7327248683157
1732,339.7351813070323
1733,437.6425040154902
1734,556.9095314364234
1735,650.058866125799
1736,694.5964962041743
1737,697.8690185783418
1738,682.6867133653192
1739,668.7958842011335
1740,664.6638410044752
1741,672.0560413960216
1742,693.542124434183
1743,733.4937341896739
1744,792.4005659590323
1745,862.3765198888343
1746,929.8949725204227
1747,982.9576493230254
1748,1014.5036767272286
1749,1018.3825401739656
1750,983.9113495077793
1751,898.7613856806211
1752,762.1370243941717
1753,597.7162268465431
1754,451.6966375133853
1755,371.661482299006
1756,378.8636703253601
1757,454.4856374570762
1758,551.1347533827459
1759,621.4897603844312
1760,643.2149142336297
1761,623.8157027693202
1762,586.2604082313144
1763,550.4133714796067
1764,524.9312167899884
1765,511.7258384902198
1766,513.5066299295868
1767,534.7770018236871
1768,576.1492100368985
1769,629.8493907283226
1770,682.4518254101953
1771,722.0469296417435
1772,741.6495530170777
1773,735.1713248245982
1774,691.9774526053305
1775,599.7729520182469
1776,457.78140624109403
1777,289.6854458918368
1778,141.67298849718082
1779,61.30342813915115
1780,69.79217412975015
1781,148.2710707475997
1782,249.28451221321174
1783,325.4367118887733
1784,354.3067856483819
1785,343.3055132219599
1786,315.2980307935168
1787,290.0382992200764
1788,276.06659202161256
1789,275.1737893731489
1790,289.9449430778603
1791,324.75714386722547
1792,380.0956954037393
1793,448.06047740694675
1794,515.1015052407496
1795,569.1881650813178
1796,603.2186985096366
1797,610.9936577553982
1798,581.7737269595006
1799,503.1668770337193
1800,374.3079427852449
1801,218.79980535948488
1802,82.7602123102775
1803,13.688420898071115
1804,32.75006019472369
1805,121.03774219862385
1806,231.06723601132825
1807,315.42466570365616
1808,351.68139493441237
1809,347.2504668765657
1810,325.00885894735165
1811,304.73140433540004
1812,294.98763341165784
1813,297.605331306064
1814,315.2132877625551
1815,352.23828264336817
1816,409.2203241345957
1817,478.31803538106374
1818,546.04321052598
1819,600.4290331178339
1820,634.4385446474448
1821,641.9370980456229
1822,612.2492049894013
1823,533.0447573670732
1824,403.51772383076786
1825,247.32651572335354
1826,110.64006514052642
1827,41.00381005905592
1828,59.6239899949756
1829,147.62778922315488
1830,257.5591469486724
1831,342.02569885444836
1832,378.61351545255786
1833,374.7435066565049
1834,353.29375124380863
1835,334.0336010651122
1836,325.52080925927663
1837,329.5654736468109
1838,348.77326488842334
1839,387.54297496226184
1840,446.38239408514215
1841,517.4144018534596
1842,587.1122826729182
1843,643.4687468487273
1844,679.4052328483766
1845,688.7452129913926
1846,660.7718984848609
1847,583.1153112201048
1848,454.93181035578743
1849,299.845255431753
1850,163.99383660139824
1851,94.89675534198273
1852,113.73914838679627
1853,201.63278201630123
1854,311.11232727466717
1855,394.78267300653465
1856,430.2339352957527
1857,424.8980286372826
1858,401.6710530703832
1859,380.34734544745845
1860,369.51644351179624
1861,371.02675495518633
1862,387.528403513327
1863,423.47029175858484
1864,479.4153941850127
1865,547.5461731985791
1866,614.399136430304
1867,668.0330259510441
1868,701.4372256135073
1869,708.5041201341511
1870,678.5858141042033
1871,599.3801913689947
1872,470.10941617827933
1873,314.4600715936877
1874,178.62897976234962
1875,110.18890109050096
1876,130.37251888430774
1877,220.33224973789257
1878,332.63570296041433
1879,419.9122577601939
1880,459.7674283001319
1881,459.6388909625075
1882,442.41843785650053
1883,427.8857117379354
1884,424.60497720386434
1885,434.3887249240649
1886,459.84058400381394
1887,505.35258350691333
1888,571.420776503946
1889,650.15111736817
1890,727.9946070718247
1891,792.9161920798842
1892,837.803996120058
1893,856.4426103107348
1894,838.0708402335697
1895,770.2688793776495
1896,652.1379983184252
1897,507.24193203333283
1898,381.6539958925931
1899,322.82411272565764
1900,351.86414236733015
1901,449.8090382751057
1902,569.1136389052798
1903,662.3005468001102
1904,706.8757500818404
1905,710.185845658543
1906,695.0411136508367
1907,681.1502845840246
1908,677.0182414833654
1909,684.410441974354
1910,705.8965251097327
1911,745.8481349621879
1912,804.7549668285349
1913,874.7309208554829
1914,942.2493735845449
1915,995.3120504848417
1916,1026.8580779867252
1917,1030.7369415308183
1918,996.2657509615597
1919,911.1157872310271
1920,774.4914260412442
1921,610.0706285938495
1922,464.0510393576511
1923,384.01588423956986
1924,391.2180723635083
1925,466.84003959290555
1926,563.4891556156779
1927,633.844162714056
1928,655.5693166620134
1929,636.1701052954693
1930,598.6148108528821
1931,562.7677741984744
1932,537.2856196066926
1933,524.0802414044966
1934,525.8610329415774
1935,547.1314049317666
1936,588.5036132439136
1937,642.2037940304562
1938,694.8062288098029
1939,734.4013331390579
1940,754.0039566120768
1941,747.5257285169828
1942,704.3318563934627
1943,612.1273559048379
1944,470.1358102243616
1945,302.0398499716758
1946,154.02739267472708
1947,73.65783241481739
1948,82.14657850353962
1949,160.62547521636117
1950,261.63891677985384
1951,337.7911165539462
1952,366.6611904102369
1953,355.6599180808378
1954,327.6524357502604
1955,302.39270427461065
1956,288.4209971718618
1957,287.5281946229798
1958,302.29934842489274
1959,337.1115493112032
1960,392.45010094464874
1961,460.4148830450116
1962,527.4559109762954
1963,581.5425709121562
1964,615.5731044386492
1965,623.3480637837963
1966,594.1281330846838
1967,515.5212832555316
1968,386.66234910376954
1969,231.1542117776606
1970,95.1146188254076
1971,26.050996173663066
1972,45.12080423260136
1973,133.4166549983405
1974,243.45431756788162
1975,327.8199160253371
1976,364.0848140169079
1977,359.6620547229585
1978,337.42861555281854
1979,317.15932970282984
1980,307.4237275410641
1981,310.0495941974003
1982,327.6657194152531
1983,364.69888305717245
1984,421.68909331158216
1985,490.7949733201236
1986,558.5283172238414
1987,612.9223085771129
1988,646.9399888685869
1989,654.4467110283312
1990,624.7669867318353
1991,545.5707078721639
1992,416.0518430985471
1993,259.86880375038896
1994,123.19052192942166
1995,53.56243561022467
1996,72.19078430838067
1997,160.20275229588634
1998,270.14227878342274
1999,354.61699944843156
2000,391.21298481089013
2001,387.35114477600865
2002,365.909558125024
2003,346.65757670922164
2004,338.152953664483
2005,342.2057868110119
2006,361.4217468167342
2007,400.1996256490944
2008,459.047213535691
2009,530.0873900653439
2010,599.7934396464632
2011,656.1580725836233
2012,692.1027273432856
2013,701.4508762470989
2014,673.485730504535
2015,595.8373120006019
2016,467.6619798971484
2017,312.5835937346163
2018,176.74034366771127
2019,107.65143116872008
2020,126.50199297606696
2021,214.40379536740676
2022,323.89150938702664
2023,407.57002378236723
2024,443.0294547350938
2025,437.70171674293385
2026,414.4829098396378
2027,393.1673708795924
2028,382.3446376086104
2029,383.8631177163908
2030,400.37293493856544
2031,436.32299184760245
2032,492.2762629346111
2033,560.4152106180497
2034,627.2763425113516
2035,680.9184006966432
2036,714.3307690236774
2037,721.4058322085148
2038,691.4956948410035
2039,612.2982407711581
2040,483.0356342458352
2041,327.394458322851
2042,191.57153515602806
2043,123.1396251491064
2044,143.33141160817217
2045,233.29931112629652
2046,345.6109330111666
2047,432.895656475907
2048,472.7589956793889
2049,472.6386270056496
2050,455.42634256399896
2051,440.90178511011266
2052,437.62921924073345
2053,447.4211356224362
2054,472.8811633669543
2055,518.4013315356158
2056,584.4776931968931
2057,663.2162027251109
2058,741.0678610930865
2059,805.9976147655912
2060,850.8935874684372
2061,869.540370322568
2062,851.1767689116446
2063,783.3829767192503
2064,665.2602643235913
2065,520.372366708781
2066,394.79259922829397
2067,335.9708847244517
2068,365.01908303107234
2069,462.97214760337425
2070,582.2849168974966
2071,675.4799934558655
2072,720.0633653988237
2073,723.3816296416713
2074,708.245066299676
2075,694.3624058961311
2076,690.2385314616342
2077,697.6389006156785
2078,719.1331524150672
2079,759.0929309312767
2080,818.0079314631162
2081,887.9920541548089
2082,955.5186755474226
2083,1008.5895211104448
2084,1040.1437172768588
2085,1044.0307494851822
2086,1009.5677275798976
2087,924.4259324996303
2088,787.8097399619016
2089,623.3971111627313
2090,477.38569057765875
2091,397.35870411111785
2092,404.5690608866025
2093,480.19919676713863
2094,576.8564814404738
2095,647.2196571896991
2096,668.9529797875667
2097,649.5619370715237
2098,612.0148112796504
2099,576.1759432765169
2100,550.7019573360219
2101,537.5047477845136
2102,539.2937079709733
2103,560.5722486131775
2104,601.9526255755333
2105,655.6609750074616
2106,708.2715784430286
2107,747.8748514240755
2108,767.4856435465242
2109,761.0155841046
2110,717.8298806304128
2111,625.6335487919425
2112,483.65017176166117
2113,315.5623801595374
2114,167.55809151374132
2115,87.19669990529002
2116,95.69361464372543
2117,174.18068000967372
2118,275.2022902237503
2119,351.362658648647
2120,380.2409011550863
2121,369.247797476173
2122,341.2484837977757
2123,315.99692097157515
2124,302.0333825203843
2125,301.1487486225431
2126,315.9280710751299
2127,350.74844061185786
2128,406.09516089728595
2129,474.0681116490189
2130,541.1173082304836
2131,595.212136815778
2132,629.2508389934472
2133,637.0339669894707
2134,607.8222049453428
2135,529.2235237619168
2136,400.37275826206553
2137,244.87278958477322
2138,108.84136528840145
2139,39.77774261930449
2140,58.847550665538904
2141,147.14340141823953
2142,257.18106397416506
2143,341.5466624179474
2144,377.811560397371
2145,373.3888010867163
2146,351.15536190445437
2147,330.8860760415896
2148,321.1504738669594
2149,323.7763405075681
2150,341.3924657126927
2151,378.42562934269904
2152,435.41583958286884
2153,504.52171957786715
2154,572.2550634683731
2155,626.6490548088829
2156,660.6667350859873
2157,668.1734572316626
2158,638.4937329237979
2159,559.297454050085
2160,429.7785892624656
2161,273.5955499005429
2162,136.91726806656618
2163,67.28918173477228
2164,85.91753041862609
2165,173.9294983948929
2166,283.86902486886163
2167,368.3437455198934
2168,404.93973086835285
2169,401.07789081981184
2170,379.6363041573255
2171,360.38432272676266
2172,351.8796996672846
2173,355.93253280261933
2174,375.1484927947848
2175,413.92637161345107
2176,472.7739594862611
2177,543.8141360047453
2178,613.5201855670978
2179,669.8848184946785
2180,705.8294732413395
2181,715.1776221318497
2182,687.2124763755518
2183,609.5640578575797
2184,481.3887257417323
2185,326.31033956621616
2186,190.46708948393342
2187,121.37817697234533
2188,140.22873876702891
2189,228.13054114536976
2190,337.61825515141345
2191,421.29676953266215
2192,456.7562004732399
2193,451.42846246573015
2194,428.20965554923055
2195,406.8941165762713
2196,396.0713832923872
2197,397.58986338447096
2198,414.09968059392514
2199,450.04973749105847
2200,506.0030085643012
2201,574.1419562342112
2202,641.0030881143123
2203,694.6514284868601
2204,728.070079006314
2205,735.1514243782985
2206,705.247569201832
2207,626.0563973264574
2208,496.8000729842307
2209,341.1651792507296
2210,205.3485382737211
2211,136.92291045823202
2212,157.1209791047226
2213,247.0951608119127
2214,359.413064888402
2215,446.7040705421861
2216,486.5736919344728
2217,486.45960544987713
2218,469.25360319937954
2219,454.73532793355116
2220,451.46904425224824
2221,461.26724282576697
2222,486.73355275962575
2223,532.2600031173736
2224,598.3426469677254
2225,677.0874386877963
2226,754.9453792446023
2227,819.8814151047245
2228,864.7836699974073
2229,883.4367350410748
2230,865.0794158195577
2231,797.2919058159387
2232,679.1754756090946
2233,534.2938601858878
2234,408.72037489281973
2235,349.9049425791884
2236,378.9594230740365
2237,476.91876983837733
2238,596.2378213217257
2239,689.4391800683666
2240,734.0288342019782
2241,737.3533806347401
2242,722.2230994802256
2243,708.3467212665926
2244,704.2291290220178
2245,711.6357803655533
2246,733.1363143522822
2247,773.1023750567379
2248,832.0236577804017
2249,902.0140626613652
2250,969.5469662435778
2251,1022.6240939965123
2252,1054.1845723527424
2253,1058.077886750582
2254,1023.6211470324533
2255,938.4856341560696
2256,801.8757238205071
2257,637.4693772239139
2258,491.4642388419947
2259,411.4435345790215
2260,418.66017355700296
2261,494.29659164001004
2262,590.9601585167545
2263,661.3296164693547
2264,683.0692212693926
2265,663.6844607558598
2266,626.1436171667199
2267,590.3110313671231
2268,564.8433276281097
2269,551.6524002812669
2270,553.4476426704233
2271,574.7324655150729
2272,616.1191246804464
2273,669.8337563150453
2274,722.4506419557223
2275,762.060197137524
2276,781.6772714638372
2277,775.2134942240114
2278,732.0340729522806
2279,639.8440233159647
2280,497.8669284953967
2281,329.78541909095554
2282,181.78741264757093
2283,101.4323032409813
2284,109.93550018354324
2285,188.42884775268539
2286,289.4567401693751
2287,365.6233907956704
2288,394.5079155061069
2289,383.5210940304537
2290,355.52806255267063
2291,330.2827819297863
2292,316.32552568192506
2293,315.4471739874415
2294,330.2327786427022
2295,365.05943038161877
2296,420.4124328697169
2297,488.39166582410473
2298,555.44714460855
2299,609.5482553970552
2300,643.5932397779106
2301,651.3826499768184
2302,622.1771701330322
2303,543.5847711536418
2304,414.74028785610926
2305,259.2466013881166
2306,123.2214592882097
2307,54.16411882269915
2308,73.24020907079
2309,161.54234202188775
2310,271.5862867853097
2311,355.9581674329651
2312,392.22934761455224
2313,387.81287050640134
2314,365.58571352711425
2315,345.3227098677203
2316,335.5933898945857
2317,338.2255387398909
2318,355.8479461477064
2319,392.9234025203716
2320,449.9559055034084
2321,519.1040782412805
2322,586.879714874987
2323,641.31599895916
2324,675.3759719792031
2325,682.9249868679948
2326,653.2875553026205
2327,574.1335691713033
2328,444.65699712612206
2329,288.5162505099796
2330,151.8802614186277
2331,82.2944678287999
2332,100.96510925647385
2333,189.01936997613876
2334,299.00118919292674
2335,383.51820258636815
2336,420.1564806790438
2337,416.3369333739545
2338,394.9376394520932
2339,375.7279507651249
2340,367.2656204492171
2341,371.3607463278682
2342,390.6189990629583
2343,429.4391706241205
2344,488.32905124140234
2345,559.4115205011256
2346,629.1598628066848
2347,685.5667884774646
2348,721.5537359675327
2349,730.9441776037636
2350,703.0213245855277
2351,625.4151988117804
2352,497.2821594385864
2353,342.2460660060529
2354,206.44510866716365
2355,137.3984888993798
2356,156.29134343584218
2357,244.23543855684596
2358,353.765445306496
2359,437.4862524321703
2360,472.9879761151214
2361,467.7025308503231
2362,444.5260166769449
2363,423.2527704475268
2364,412.47232990536787
2365,414.03310274257007
2366,430.58521269494895
2367,466.5775623347532
2368,522.5731261505348
2369,590.7543665633071
2370,657.6577911865998
2371,711.3421420997906
2372,744.7968031579951
2373,751.9141590718891
2374,722.0463144354651
2375,642.891153099652
2376,513.6708392970291
2377,358.0719561066337
2378,222.2913256739531
2379,153.9017083931202
2380,174.13578758038494
2381,264.14597982817054
2382,376.499894439651
2383,463.8269106374809
2384,503.73254257137853
2385,503.6544666274409
2386,486.48447491501076
2387,472.002210189917
2388,468.7719370493619
2389,478.6061461633633
2390,504.10846663734026
2391,549.6709275349517
2392,615.789581926489
2393,694.5703841847779
2394,772.4643352819604
2395,837.4363816831742
2396,882.3746471164427
2397,901.0637227003955
2398,882.7424140169063
2399,814.9909145546798
2400,696.9104948892605
2401,552.0648900044281
2402,426.5274152519479
2403,367.7479934793138
2404,396.8384845147822
2405,494.8338418166388
2406,614.1889038407829
2407,707.4262731257892
2408,752.0519378026106
2409,755.4124947752848
2410,740.3182241611531
2411,726.4778564889699
2412,722.3962747843664
2413,729.8389366657575
2414,751.3754811953122
2415,791.377552439509
2416,850.3348457030044
2417,920.3612611240242
2418,987.9301752466208
2419,1041.0433135400658
2420,1072.6398024350772
2421,1076.5691273724785
2422,1042.1483981967608
2423,957.0488958599315
2424,820.4749960639631
2425,656.1046600076448
2426,510.1355321683282
2427,430.1508384445557
2428,437.4034879628215
2429,513.0759165863979
2430,609.7754940031358
2431,680.1809624953223
2432,701.9565778349275
2433,682.6078278641484
2434,645.1029948511487
2435,609.3064196264612
2436,583.8747264644443
2437,570.719809694885
2438,572.5510626604197
2439,593.8718960811914
2440,635.2945658197489
2441,689.0452080357798
2442,741.6981042502108
2443,781.3436700089245
2444,800.9967549121295
2445,794.568988248897
2446,751.425577551544
2447,659.271538492904
2448,517.3304542506069
2449,349.2849554205966
2450,201.32295955406073
2451,121.00386072676355
2452,129.54306824405268
2453,208.0724263900662
2454,309.13632938105616
2455,385.33899058541516
2456,414.25952587173276
2457,403.3087149722986
2458,375.35169407157525
2459,350.14242402567237
2460,336.2211783548022
2461,335.37883723390644
2462,350.20045246631923
2463,385.0631147834376
2464,440.45212784741204
2465,508.4673713781464
2466,575.5588607392666
2467,629.6959821044667
2468,663.7769770603929
2469,671.6023978351543
2470,642.4329285704714
2471,563.8765401668863
2472,435.06806744519827
2473,279.6103915534893
2474,143.6212600322209
2475,74.59993014216116
2476,93.7120309675417
2477,182.05017449549473
2478,292.1301298351935
2479,376.53802105881226
2480,412.8452118139425
2481,408.46474528415405
2482,386.27359888352754
2483,366.0466057991293
2484,356.353296404448
2485,359.02145582503226
2486,376.679873809214
2487,413.75533021777153
2488,470.78783323877957
2489,539.9360060135175
2490,607.7116426828953
2491,662.1479268014535
2492,696.2078998581551
2493,703.7569147833079
2494,674.1194832542826
2495,594.9654971587904
2496,465.4889251510754
2497,309.34817856896495
2498,172.71218951424635
2499,103.12639596146363
2500,121.79703742609229
2501,209.85129818242154
2502,319.83311743350794
2503,404.3501308643432
2504,440.98840899266315
2505,437.16886172358215
2506,415.7695678382519
2507,396.55987918806846
2508,388.09754890895726
2509,392.19267482272346
2510,411.45092759323404
2511,450.2710991922792
2512,509.1609798454402
2513,580.2434491354982
2514,649.9917914833061
2515,706.3987171907503
2516,742.3856647156397
2517,751.7761063874077
2518,723.8532534079349
2519,646.2471276698026
2520,518.1140883322612
2521,363.07799493578796
2522,227.2770376335318
2523,158.2304179023787
2524,177.12327247618703
2525,265.0673676338408
2526,374.5973744195617
2527,458.3181815808464
2528,493.81990529944477
2529,488.5344600706345
2530,465.35794593554266
2531,444.0846997410661
2532,433.3042592356974
2533,434.865032109401
2534,451.4171420979177
2535,487.4094917736066
2536,543.4050556272705
2537,611.5862960769243
2538,678.4897207359027
2539,732.1740716839025
2540,765.6287327787691
2541,772.7460887290247
2542,742.8782441326819
2543,663.7230828285981
2544,534.5027690634814
2545,378.9038859068268
2546,243.1232555105086
2547,174.73363826671977
2548,194.9677174910351
2549,284.97790977546435
2550,397.3318244420901
2551,484.6588406947234
2552,524.5644726827603
2553,524.4863967921975
2554,507.3164051362432
2555,492.83414046662983
2556,489.6038673815667
2557,499.4380765478025
2558,524.9403970773736
2559,570.502858031397
2560,636.6215124779952
2561,715.4023147911307
2562,793.2962659434866
2563,858.2683124001044
2564,903.2065778867878
2565,921.8956535250433
2566,903.574344898776
2567,835.8228454908718
2568,717.7424258798144
2569,572.8968210493227
2570,447.3593463522035
2571,388.5799246353449
2572,417.6704157248837
2573,515.6657730844275
2574,635.0208351633446
2575,728.2582045027116
2576,772.8838692338685
2577,776.2444262612152
2578,761.1501557033971
2579,747.3097880850887
2580,743.2282064341701
2581,750.670868372659
2582,772.2074129569428
2583,812.2094842560055
2584,871.1667775740927
2585,941.19319305246
2586,1008.762107224685
2587,1061.8752455765084
2588,1093.471734526848
2589,1097.4010595192776
2590,1062.9803303983322
2591,977.8808281158344
2592,841.3069283762029
2593,676.9365923751704
2594,530.9674645884388
2595,450.9827709204067
2596,458.23542049462105
2597,533.9078491735509
2598,630.6074266450634
2599,701.0128951918648
2600,722.7885105876514
2601,703.4397606694663
2602,665.9349276755987
2603,630.1383524701271
2604,604.7066593273397
2605,591.5517425738248
2606,593.3829955587056
2607,614.7038289996408
2608,656.1264987563159
2609,709.8771409909054
2610,762.5300372242253
2611,802.1756030009044
2612,821.8286879250513
2613,815.4009212780643
2614,772.2575106015847
2615,680.1034715674874
2616,538.1623873362043
2617,370.1168885247351
2618,222.15489267729953
2619,141.83579386951544
2620,150.37500140435554
2621,228.90435956869925
2622,329.96826258095615
2623,406.17092380387453
2624,435.09145910826123
2625,424.1406482272338
2626,396.1836273463821
2627,370.97435731784014
2628,357.0531116643545
2629,356.21077056450554
2630,371.0323858155132
2631,405.8950481509729
2632,461.2840612335157
2633,529.2993047851668
2634,596.3907941644044
2635,650.5279155472211
2636,684.6089105221995
2637,692.4343313157115
2638,663.2648620693045
2639,584.7084736837617
2640,455.9000009801541
2641,300.44232510939594
2642,164.45319360468704
2643,95.43186373412851
2644,114.5439645769714
2645,202.88210812594724
2646,312.9620634841433
2647,397.3699547258625
2648,433.6771455010535
2649,429.29667899043767
2650,407.1055326059385
2651,386.8785395414793
2652,377.185230165254
2653,379.85338960477867
2654,397.5118076061678
2655,434.58726403208607
2656,491.6197670737682
2657,560.7679398670521
2658,628.543576555304
2659,682.9798606931832
2660,717.0398337689647
2661,724.5888487105279
2662,694.9514172003918
2663,615.7974311245714
2664,486.32085913495723
2665,330.1801125713584
2666,193.54412337511388
2667,123.95832968121891
2668,142.62897100294737
2669,230.683231616968
2670,340.6650507284754
2671,425.1820640168875
2672,461.8203420026534
2673,458.0007945913582
2674,436.601500566042
2675,417.3918117725708
2676,408.929481350193
2677,413.0246071243822
2678,432.2828597528888
2679,471.10303120967404
2680,529.992911715632
2681,601.0753808685358
2682,670.8237230762081
2683,727.2306486403116
2684,763.2175960239238
2685,772.6080375536014
2686,744.6851844318674
2687,667.0790585511724
2688,538.9460190781417
2689,383.9099255349692
2690,248.10896809041998
2691,179.0623482167319
2692,197.95520264933214
2693,285.8992976654403
2694,395.42930430903573
2695,479.150111327678
2696,514.6518349055756
2697,509.36638953532434
2698,486.189875255914
2699,464.9166289200374
2700,454.13618827328156
2701,455.69696100530837
2702,472.2490708500339
2703,508.2414203853005
2704,564.2369840965139
2705,632.4182244040887
2706,699.3216489213175
2707,753.0059997278016
2708,786.4606606811325
2709,793.5780164895542
2710,763.7101717491498
2711,684.5550103040819
2712,555.3346963964242
2713,399.7358131043592
2714,263.955182560305
2715,195.56556517539684
2716,215.79964425698847
2717,305.8098363948152
2718,418.1637509056926
2719,505.4907669985078
2720,545.3963988253103
2721,545.3183227738539
2722,528.1483309570477
2723,513.6660661274286
2724,510.4357928816114
2725,520.2700018884982
2726,545.7723222573529
2727,591.3347830504055
2728,657.4534373360059
2729,736.2342394883566
2730,814.1281904802548
2731,879.100236776539
2732,924.0385021030812
2733,942.7275775807875
2734,924.4062687932424
2735,856.6547692240857
2736,738.5743494518149
2737,593.728744463328
2738,468.1912696051815
2739,409.4118477266376
2740,438.5023386565897
2741,536.4976958558841
2742,655.8527577739706
2743,749.090126951541
2744,793.7157915230687
2745,797.0763483902821
2746,781.9820776699
2747,768.1417098914616
2748,764.0601280804256
2749,771.5027898586957
2750,793.0393342822103
2751,833.0414054201422
2752,891.9986985790499
2753,962.0251138890155
2754,1029.5940279065937
2755,1082.7071660982328
2756,1114.303654888331
2757,1118.2329797228417
2758,1083.812250436444
2759,998.7127479945315
2760,862.138848093552
2761,697.7685119316885
2762,551.7993839847003
2763,471.8146901568238
2764,479.06733956935335
2765,554.7397680872801
2766,651.4393453987325
2767,721.8448137863259
2768,743.6204290208682
2769,724.2716789417802
2770,686.7668457869755
2771,650.9702704213773
2772,625.5385771171093
2773,612.383660204819
2774,614.2149130289528
2775,635.535746308887
2776,676.9584159051307
2777,730.7090579789395
2778,783.3619540518047
2779,823.0075196676581
2780,842.6606044297255
2781,836.2328376239691
2782,793.0894268044674
2783,700.9353876171865
2784,558.9943032376901
2785,390.9488042809285
2786,242.9868082907701
2787,162.6677093289498
2788,171.2069167175635
2789,249.736274734642
2790,350.8001775952269
2791,427.0028386732754
2792,455.9233738310501
2793,444.97256280284705
2794,417.0155417724031
2795,391.8062715967507
2796,377.885025796165
2797,377.0426845489486
2798,391.8642996522219
2799,426.72696183969117
2800,482.1159747758082
2801,550.1312181780528
2802,617.2227074098195
2803,671.3598286452736
2804,705.4408234730199
2805,713.2662441190001
2806,684.0967747226631
2807,605.54038619072
2808,476.73191334074676
2809,321.2742373204602
2810,185.28510566846177
2811,116.26377565102638
2812,135.37587634709138
2813,223.7140197462512
2814,333.79397495740227
2815,418.20186604925004
2816,454.50905667966833
2817,450.12859002114396
2818,427.9374434892055
2819,407.7104502776274
2820,398.01714075265295
2821,400.68530004385656
2822,418.34371789965144
2823,455.41917417756247
2824,512.4516770714487
2825,581.5998497169466
2826,649.3754862527145
2827,703.8117702486313
2828,737.8717431753312
2829,745.4207579709608
2830,715.783326313072
2831,636.6293400889675
2832,507.1527679511077
2833,351.01202124226177
2834,214.37603205858773
2835,144.79023837660355
2836,163.46087971204435
2837,251.5151403394459
2838,361.49695946375607
2839,446.0139727645616
2840,482.65225076269894
2841,478.8327033666682
2842,457.4334093519262
2843,438.2237205719705
2844,429.7613901631195
2845,433.85651595043714
2846,453.11476859180334
2847,491.9349400611949
2848,550.8248205813903
2849,621.9072897478543
2850,691.6556319662984
2851,748.0625575440245
2852,784.0495049410063
2853,793.4399464837512
2854,765.5170933726483
2855,687.9109675121357
2856,559.777928047311
2857,404.7418345152332
2858,268.940877084034
2859,199.8942572256912
2860,218.7871116702862
2861,306.7312066970057
2862,416.2612133541859
2863,499.9820203871833
2864,535.4837439774446
2865,530.1982986198981
2866,507.0217843537217
2867,485.74853803130185
2868,474.9680973980144
2869,476.5288701407152
2870,493.08098000084857
2871,529.0733295487163
2872,585.068893272521
2873,653.2501335929144
2874,720.1535581232912
2875,773.8379089433785
2876,807.2925699082517
2877,814.4099257289929
2878,784.5420810037969
2879,705.3869195710745
2880,576.1666056758011
2881,420.567722396282
2882,284.78709186766895
2883,216.3974744946995
2884,236.6315535876651
2885,326.64174574105294
2886,438.99566026473315
2887,526.32267636956
2888,566.2283082063151
2889,566.150232169964
2890,548.9802403688718
2891,534.4979755507686
2892,531.2677023184489
2893,541.1019113385668
2894,566.6042317202872
2895,612.1666925259506
2896,678.2853468259945
2897,757.0661489919213
2898,834.9563795262202
2899,899.924705363692
2900,944.8592502336411
2901,963.5446052544545
2902,945.2195760100515
2903,877.4643559829008
2904,759.3802157548304
2905,614.5308903074958
2906,488.9896949927178
2907,430.2065526579547
2908,459.2933231313136
2909,557.284959874004
2910,676.6363013328353
2911,769.8699500552128
2912,814.4918941693311
2913,817.8487305792399
2914,802.750739402021
2915,788.9066511670645
2916,784.8213488995207
2917,792.260290219439
2918,813.7931141852771
2919,853.7914648678045
2920,912.7450375692927
2921,982.7677324221338
2922,1050.3329259829156
2923,1103.4423437178973
2924,1135.0351120495698
2925,1138.9607164264346
2926,1104.5362666851702
2927,1019.433043785579
2928,882.8554234341577
2929,718.4813668078701
2930,572.5085184042307
2931,492.5201041202913
2932,499.76903307698115
2933,575.4377411383124
2934,672.1335979925885
2935,742.5353459221537
2936,764.307240699062
2937,744.9547701626796
2938,707.4462165531252
2939,671.6459207291815
2940,646.2105069679538
2941,633.0518695994703
2942,634.8794019665075
2943,656.1965147890922
2944,697.6154639294227
2945,751.3623855468248
2946,804.0115611620905
2947,843.6534063195182
2948,863.3027706249659
2949,856.8712833622901
2950,813.7241520724442
2951,721.5663924145415
2952,579.6215875662444
2953,411.5723681380506
2954,263.6066516782855
2955,183.28383224726912
2956,191.8193191661847
2957,270.34495671019454
2958,371.4051391040929
2959,447.60407971138994
2960,476.5208943987369
2961,465.5663628997667
2962,437.60562139980277
2963,412.3926307546661
2964,398.4676644846097
2965,397.62160276510724
2966,412.439497399023
2967,447.2984391179549
2968,502.6837315839415
2969,570.6952545160409
2970,637.7830232779878
2971,691.9164240438524
2972,725.9936983999567
2973,733.8153985752884
2974,704.6422087114083
2975,626.0820997087883
2976,497.2699063881771
2977,341.8085098976246
2978,205.8156577760215
2979,136.79060728936963
2980,155.89898751444048
2981,244.23341044582992
2982,354.30964518680196
2983,438.7138158079649
2984,475.01728596774626
2985,470.6330988389253
2986,448.43823183880124
2987,428.20751815605854
2988,418.51048816141304
2989,421.1749269830668
2990,438.8296243684723
2991,475.9013601762876
2992,532.9301426021278
2993,602.0745947782331
2994,669.8465108434111
2995,724.2790743676633
2996,758.3353268247495
2997,765.8806211504643
2998,736.2394690218168
2999,657.0817623270863
3000,527.6014697206708
3001,371.45700253979567
3002,234.81729288651547
3003,165.2277787353387
3004,183.89469960159147
3005,271.9452397593958
3006,381.9233384135307
3007,466.4366312436937
3008,503.07118877301536
3009,499.2479209048752
3010,477.84490642037565
3011,458.63149717091756
3012,450.16544629257703
3013,454.2568516075439
3014,473.51138377956056
3015,512.3278347804196
3016,571.2139948304236
3017,642.2927435267469
3018,712.0373652753763
3019,768.4405703811653
3020,804.423797308617
3021,813.8105183806997
3022,785.8839448020339
3023,708.2740984708784
3024,580.1373385354514
3025,425.09752453318185
3026,289.29284663236666
3027,220.24250630482146
3028,239.13164027837468
3029,327.0720148374958
3030,436.5983010202943
3031,520.315387586902
3032,555.8133907065151
3033,550.5242248786583
3034,527.3439901443695
3035,506.0670233506574
3036,495.28286224609764
3037,496.83991452089515
3038,513.3883039109319
3039,549.376932988449
3040,605.3687762418141
3041,673.5462960947925
3042,740.4460001545941
3043,794.1266305030433
3044,827.5775709983002
3045,834.6912063491275
3046,804.81964115359
3047,725.6607592502261
3048,596.436724884353
3049,440.8341211377362
3050,305.0497701366685
3051,236.65643229449933
3052,256.8867909179398
3053,346.89326260170037
3054,459.24345665517467
3055,546.5667522862708
3056,586.4686636579318
3057,586.3868671520311
3058,569.2131548782238
3059,554.7271695911534
3060,551.4931758888763
3061,561.3236644392739
3062,586.8222643491214
3063,632.3810046827008
3064,698.4959385154299
3065,777.2730202112006
3066,855.1632507456548
3067,920.131576583997
3068,965.0661214543105
3069,983.7514764724472
3070,965.4264472284262
3071,897.6712272027858
3072,779.5870869741037
3073,634.737761526134
3074,509.1965662117381
3075,450.41342387776893
3076,479.50019435021335
3077,577.4918310925126
3078,696.8431725539698
3079,790.0768212754739
3080,834.6987653889432
3081,838.0556017985432
3082,822.9576106230977
3083,809.1135223867998
3084,805.0282201179366
3085,812.4671614401421
3086,833.9999854058573
3087,873.9983360880071
3088,932.9519087841525
3089,1002.9746036417821
3090,1070.5397972044798
3091,1123.6492149380338
3092,1155.2419832703463
3093,1159.1675876469462
3094,1124.7431379053605
3095,1039.6399150051025
3096,903.0622946532937
3097,738.6882380295611
3098,592.7153896255625
3099,512.7269753404288
3100,519.9759042973556
3101,595.6446123590347
3102,692.340469213083
3103,762.7422171422634
3104,784.5141119203562
3105,765.1616413844176
3106,727.6530877726874
3107,691.8527919492482
3108,666.4173781885386
3109,653.258740819984
3110,655.0862731852757
3111,676.4033860092972
3112,717.8223351490163
3113,771.5692567662459
3114,824.2184323816672
3115,863.8602775393647
3116,883.5096418452036
3117,877.0781545826208
3118,833.9310232912312
3119,741.7732636344721
3120,599.8284587855694
3121,431.7792393639162
3122,283.81352289725226
3123,203.49070346703712
3124,212.0261903846714
3125,290.5518279282767
3126,391.61201032271543
3127,467.8109509313907
3128,496.7277656169374
3129,485.77323411923186
3130,457.8124926196474
3131,432.59950197474205
3132,418.6745357053119
3133,417.82847398585443
3134,432.64636861965334
3135,467.50531033821176
3136,522.8906028038117
3137,590.9021257357477
3138,657.9898944992533
3139,712.1232952638254
3140,746.2005696205
3141,754.0222697958907
3142,724.8490799315971
3143,646.2889709283312
3144,517.476777607114
3145,362.01538111896105
3146,226.0225289969668
3147,156.99747850928918
3148,176.10585873512525
3149,264.4402816668696
3150,374.51651640761827
3151,458.92068702820484
3152,495.2241571891992
3153,490.83997006084985
3154,468.64510305833727
3155,448.4143893760932
3156,438.7173593819576
3157,441.38179820512744
3158,459.03649558913804
3159,496.1082313968254
3160,553.1370138217818
3161,622.281465991442
3162,690.05338206284
3163,744.4859455874902
3164,778.5421980449555
3165,786.0874923730313
3166,756.4463402405628
3167,677.2886335469902
3168,547.8083409397339
3169,391.66387375863917
3170,255.02416410571317
3171,185.4346499553023
3172,204.10157082043816
3173,292.1521109778357
3174,402.1302096325056
3175,486.64350246392235
3176,523.2780599926195
3177,519.4547921241946
3178,498.0517776398799
3179,478.8383683908199
3180,470.37231751113904
3181,474.4637228281782
3182,493.71825500005843
3183,532.534706000528
3184,591.4208660501552
3185,662.499614746315
3186,732.2442364951095
3187,788.6474416009946
3188,824.6306685293077
3189,834.0173896014618
3190,806.0908160268568
3191,728.4809696906166
3192,600.344209754563
3193,445.30439575444336
3194,309.4997178581686
3195,240.44937752469383
3196,259.3385114990398
3197,347.27888605853144
3198,456.80517224106336
3199,540.5222588070607
3200,576.020261927793
3201,570.7310960995533
3202,547.5508613638249
3203,526.2738945705867
3204,515.4897334665138
3205,517.0467857415089
3206,533.595175131387
3207,569.583804208492
3208,625.5756474634768
3209,693.753167314313
3210,760.6528713742667
3211,814.3335017232876
3212,847.7844422189274
3213,854.898077569837
3214,825.0265123723539
3215,745.8676304701878
3216,616.6435961055419
3217,461.0409923561202
3218,325.2566413554021
3219,256.863303513998
3220,277.09366213853787
3221,367.1001338203137
3222,479.45032787435184
3223,566.773623506459
3224,606.6755348774984
3225,606.5937383713174
3226,589.420026097843
3227,574.9340408108204
3228,571.7000471072828
3229,581.5305356571278
3230,607.029135568838
3231,652.5878759030315
3232,718.7028097353789
3233,797.4798914310054
3234,875.370121960349
3235,940.3384478042901
3236,985.2729926731356
3237,1003.9583476933249
3238,985.6333184484952
3239,917.8780984222155
3240,799.7939581929332
3241,654.9446327473645
3242,529.4034374325427
3243,470.6202950974923
3244,499.7070655709574
3245,597.6987023136178
3246,717.0500437748574
3247,810.2836924959784
3248,854.9056366087925
3249,858.2624730204427
3250,843.1644818425502
3251,829.3203936067503
3252,825.2350913383965
3253,832.6740326609801
3254,854.20685662654
3255,894.2052073082784
3256,953.1587800056576
3257,1023.1814748638927
3258,1090.7466684242163
3259,1143.8560861558408
3260,1175.448854490939
3261,1179.3744588676389
3262,1144.9500091238954
3263,1059.846786230982
3264,923.2691658740343
3265,758.8951092480954
3266,612.9222608444318
3267,532.9338465618926
3268,540.1827755177299
3269,615.8514835775948
3270,712.5473404322079
3271,782.9490883628025
3272,804.7209831402704
3273,785.3685126040452
3274,747.859958991991
3275,712.0596631690352
3276,686.6242494088216
3277,673.4656120379015
3278,675.29314440544
3279,696.6102572290886
3280,738.0292063684266
3281,791.7761279855032
3282,844.4253036011019
3283,884.0671487600255
3284,903.7165130643715
3285,897.2850258010735
3286,854.1378945112671
3287,761.9801348538442
3288,620.035330004318
3289,451.9861105824512
3290,304.02039411790696
3291,223.69757468660157
3292,232.23306160439842
3293,310.7586991497287
3294,411.8188815439621
3295,488.0178221520201
3296,516.9346368365041
3297,505.98010534089696
3298,478.01936384049
3299,452.80637319448397
3300,438.881406925565
3301,438.0353452063547
3302,452.85323984003674
3303,487.71218155585814
3304,543.0974740252606
3305,611.1089969577757
3306,678.1967657192752
3307,732.3301664840869
3308,766.4074408411298
3309,774.2291410165865
3310,745.055951149958
3311,666.4958421478858
3312,537.683648827895
3313,382.2222523377012
3314,246.2294002160843
3315,177.2043497291965
3316,196.31272995573102
3317,284.64715288783884
3318,394.7233876266156
3319,479.12755824838797
3320,515.4310284087276
3321,511.04684128006363
3322,488.85197427770765
3323,468.62126059594254
3324,458.9242306022997
3325,461.5886694231096
3326,479.24336680776173
3327,516.3151026166579
3328,573.3438850414605
3329,642.4883372111743
3330,710.2602532827333
3331,764.6928168080074
3332,798.7490692639906
3333,806.2943635913838
3334,776.6532114607049
3335,697.4955047664805
3336,568.0152121653905
3337,411.8707449771487
3338,275.2310353265791
3339,205.64152117510662
3340,224.30844204107746
3341,312.3589821988599
3342,422.33708085333683
3343,506.8503736841635
3344,543.4849312122084
3345,539.6616633434709
3346,518.2586488610721
3347,499.0452396107338
3348,490.57918873154557
3349,494.6705940489443
3350,513.9251262207222
3351,552.7415772208336
3352,611.6277372717076
3353,682.7064859684466
3354,752.4511077166276
3355,808.8543128213116
3356,844.8375397499983
3357,854.2242608222239
3358,826.2976872470817
3359,748.6878409099523
3360,620.5510809751197
3361,465.51126697999837
3362,329.7065890771995
3363,260.65624874450464
3364,279.54538271981835
3365,367.48575727576514
3366,477.0120434619745
3367,560.7291300272311
3368,596.2271331474132
3369,590.937967318856
3370,567.7577325832984
3371,546.480765790521
3372,535.6966046869208
3373,537.2536569596367
3374,553.802046350196
3375,589.790675428798
3376,645.7825186832954
3377,713.9600385339776
3378,780.8597425941051
3379,834.5403729433463
3380,867.9913134377102
3381,875.1049487879503
3382,845.2333835922852
3383,766.074501689438
3384,636.850467324153
3385,481.2478635747706
3386,345.46351257442336
3387,277.0701747342803
3388,297.3005333577664
3389,387.30700504152367
3390,499.65719909535653
3391,586.9804947264643
3392,626.8824060968484
3393,626.8006095903519
3394,609.6268973184485
3395,595.1409120309177
3396,591.9069183278
3397,601.7374068779066
3398,627.2360067895137
3399,672.7947471233497
3400,738.9096809571416
3401,817.6867626533212
3402,895.5769931820246
3403,960.5453190241133
3404,1005.4798638933269
3405,1024.165218915597
3406,1005.8401896688632
3407,938.0849696419153
3408,820.000829413646
3409,675.1515039664326
3410,549.6103086519776
3411,490.82716631770336
3412,519.9139367919455
3413,617.90557353497
3414,737.256914995992
3415,830.4905637156978
3416,875.1125078297277
3417,878.4693442394896
3418,863.3713530620148
3419,849.527264826698
3420,845.44196255884
3421,852.8809038788943
3422,874.4137278451108
3423,914.4120785283246
3424,973.3656512254704
3425,1043.388346083541
3426,1110.953539644027
3427,1164.062957375977
3428,1195.6557257095837
3429,1199.5813300855966
3430,1165.1568803440855
3431,1080.0536574505054
3432,943.4760370929307
3433,779.1019804667741
3434,633.1291320685626
3435,553.1407177816967
3436,560.3896467370273
3437,636.0583547987071
3438,732.7542116492427
3439,803.1559595826625
3440,824.9278543594766
3441,805.57538382294
3442,768.0668302131223
3443,732.2665343888104
3444,706.8311206272601
3445,693.6724832584154
3446,695.50001562582
3447,716.817128449081
3448,758.2360775886009
3449,811.98299920827
3450,864.6321748232368
3451,904.2740199798719
3452,923.9233842846093
3453,917.4918970214043
3454,874.3447657312629
3455,782.1870060732037
3456,640.2422012249108
3457,472.1929818041324
3458,324.22726533740973
3459,243.90444590689037
3460,252.4399328248503
3461,330.96557037055135
3462,432.02575276457833
3463,508.2246933689627
3464,537.14150805751
3465,526.1869765599653
3466,498.22623505996285
3467,473.0132444157533
3468,459.0882781460621
3469,458.24221642455075
3470,473.06011105885705
3471,507.9190527761201
3472,563.3043452451307
3473,631.3158681774828
3474,698.4036369391446
3475,752.5370377041478
3476,786.6143120615759
3477,794.4360122343583
3478,765.2628223701468
3479,686.7027133674288
3480,557.8905200468319
3481,402.4291235564782
3482,266.43627143518904
3483,197.4112209490421
3484,216.51960117458685
3485,304.8540241063251
3486,414.93025884743173
3487,499.3344294685711
3488,535.6378996282557
3489,531.2537124992774
3490,509.0588454990517
3491,488.82813181595554
3492,479.13110182099916
3493,481.79554064389777
3494,499.4502380284275
3495,536.521973836946
3496,593.5507562559424
3497,662.695208433503
3498,730.4671245044542
3499,784.8996880280491
3500,818.9559404844069
3501,826.5012348118769
3502,796.8600826806494
3503,717.7023759857809
3504,588.2220833840896
3505,432.07761619875237
3506,295.4379065457767
3507,225.84839239643435
3508,244.51531326180992
3509,332.5658534199512
3510,442.54395207420794
3511,527.0572449044164
3512,563.6918024336416
3513,559.8685345653437
3514,538.4655200805233
3515,519.2521108307045
3516,510.78605995204737
3517,514.877465269723
3518,534.1319974392267
3519,572.9484484407683
3520,631.8346084914158
3521,702.9133571879815
3522,772.657978936318
3523,829.061184041442
3524,865.0444109705032
3525,874.4311320428035
3526,846.5045584654098
3527,768.8947121296906
3528,640.7579521942316
3529,485.7181381988912
3530,349.91346029644626
3531,280.8631199645163
3532,299.75225393838593
3533,387.69262849397603
3534,497.2189146807739
3535,580.9360012474401
3536,616.4340043650174
3537,611.144838538122
3538,587.9646038027138
3539,566.6876370104138
3540,555.9034759071684
3541,557.4605281802752
3542,574.008917570693
3543,609.9975466489002
3544,665.9893899029933
3545,734.166909753498
3546,801.0666138157712
3547,854.7472441636262
3548,888.1981846581784
3549,895.3118200084797
3550,865.4402548126479
3551,786.2813729091499
3552,657.0573385432534
3553,501.4547347965114
3554,365.6703837957661
3555,297.2770459540872
3556,317.5074045780365
3557,407.51387626215785
3558,519.8640703157793
3559,607.187365946865
3560,647.0892773184428
3561,647.0074808123985
3562,629.8337685380677
3563,615.3477832510267
3564,612.1137895484104
3565,621.9442780997722
3566,647.4428780102294
3567,693.0016183437045
3568,759.1165521766102
3569,837.8936338663226
3570,915.7838644015288
3571,980.7521902445144
3572,1025.6867351141173
3573,1044.3720901364745
3574,1026.0470608874034
3575,958.2918408616267
3576,840.2077006329193
3577,695.3583751852839
3578,569.8171798711835
3579,511.03403753767645
3580,540.1208080102233
3581,638.1124447528747
3582,757.4637862144713
3583,850.6974349362024
3584,895.319379049577
3585,898.6762154590207
3586,883.5782242816952
3587,869.7341360466341
3588,865.6488337774393
3589,873.0877750995974
3590,894.620599065691
3591,934.6189497485273
3592,993.5725224452246
3593,1063.5952173031221
3594,1131.1604108637637
3595,1184.2698285960769
3596,1215.862596930073
3597,1219.788201306151
3598,1185.3637515687296
3599,1100.260528669933
3600,963.6829083117062
3601,799.3088516883207
3602,653.3360032897284
3603,573.3475890018226
3604,580.5965179574016
3605,656.2652260194295
3606,752.9610828697372
3607,823.3628308027601
3608,845.1347255810147
3609,825.7822550445106
3610,788.273701432426
3611,752.4734056085974
3612,727.0379918475431
3613,713.8793544792538
3614,715.7068868465483
3615,737.0239996696586
3616,778.4429488100387
3617,832.1898704275274
3618,884.8390460426715
3619,924.4808911997183
3620,944.1302555048469
3621,937.698768241735
3622,894.5516369500899
3623,802.3938772931709
3624,660.4490724442205
3625,492.39985302266746
3626,344.4341365563067
3627,264.1113171265625
3628,272.6468040434579
3629,351.17244158877776
3630,452.2326239833668
3631,528.4315645891488
3632,557.3483792770767
3633,546.3938477792509
3634,518.4331062801965
3635,493.22011563607896
3636,479.29514936454643
3637,478.44908764505107
3638,493.2669822794468
3639,528.1259239961335
3640,583.5112164647636
3641,651.5227393969619
3642,718.6105081541407
3643,772.743908924197
3644,806.821183280178
3645,814.6428834550538
3646,785.4696935905214
3647,706.9095845871084
3648,578.0973912658558
3649,422.63599477774767
3650,286.64314265609414
3651,217.6180921689251
3652,236.7264723952868
3653,325.0608953274078
3654,435.1371300683178
3655,519.5413006887035
3656,555.8447708477436
3657,551.4605837212018
3658,529.2657167184221
3659,509.0350030358047
3660,499.33797304134134
3661,502.00241186446885
3662,519.6571092488642
3663,556.7288450569962
3664,613.7576274779286
3665,682.9020796532354
3666,750.6739957243475
3667,805.1065592454496
3668,839.1628117048502
3669,846.7081060323931
3670,817.0669538993955
3671,737.9092472114266
3672,608.4289546051805
3673,452.2844874174321
3674,315.64477776483244
3675,246.05526361627955
3676,264.7221844824492
3677,352.7727246384461
3678,462.7508232932514
3679,547.264116124563
3680,583.8986736531497
3681,580.0754057845534
3682,558.6723912999577
3683,539.4589820506185
3684,530.9929311724538
3685,535.0843364876165
3686,554.3388686598904
3687,593.155319661062
3688,652.0414797113497
3689,723.120228407767
3690,792.8648501562802
3691,849.2680552615093
3692,885.2512821891055
3693,894.6380032607221
3694,866.7114296855653
3695,789.1015833491851
3696,660.9648234131063
3697,505.9250094175561
3698,370.1203315170893
3699,301.06999118411443
3700,319.95912515745084
3701,407.8994997151753
3702,517.4257859017432
3703,601.1428724677171
3704,636.6408755846376
3705,631.3517097599541
3706,608.1714750239565
3707,586.8945082312918
3708,576.1103471275846
3709,577.6673994009567
3710,594.2157887912597
3711,630.2044178663758
3712,686.1962611246988
3713,754.3737809758061
3714,821.2734850354923
3715,874.9541153836849
3716,908.4050558786031
3717,915.5186912289722
3718,885.6471260311827
3719,806.4882441288736
3720,677.264209764198
3721,521.6616060148953
3722,385.8772550144997
3723,317.4839171735859
3724,337.71427579887205
3725,427.7207474833676
3726,540.0709415351721
3727,627.3942371672541
3728,667.2961485381929
3729,667.2143520318485
3730,650.040639757545
3731,635.5546544710174
3732,632.3206607689274
3733,642.1511493175591
3734,667.649749228647
3735,713.2084895635464
3736,779.3234233911262
3737,858.1005050861273
3738,935.9907356215164
3739,1000.9590614647115
3740,1045.8936063325423
3741,1064.5789613544675
3742,1046.2539321077716
3743,978.4987120813265
3744,860.41457185806
3745,715.5652464039222
3746,590.0240510918024
3747,531.2409087572408
3748,560.3276792312113
3749,658.3193159742267
3750,777.6706574356059
3751,870.9043061567068
3752,915.5262502694264
3753,918.8830866785518
3754,903.7850955025439
3755,889.941007266384
3756,885.8557049977159
3757,893.2946463202718
3758,914.8274702862316
3759,954.8258209686801
3760,1013.779393666823
3761,1083.8020885253
3762,1151.3672820853278
3763,1204.476699816213
3764,1236.069468150547
3765,1239.9950725266622
3766,1205.5706227890223
3767,1120.4673998897704
3768,983.8897795328071
3769,819.5157229140092
3770,673.5428745087636
3771,593.5544602216268
3772,600.8033891779785
3773,676.4720972367935
3774,773.1679540888621
3775,843.5697020228697
3776,865.3415968002206
3777,845.9891262638913
3778,808.4805726519883
3779,772.6802768286641
3780,747.2448630703211
3781,734.0862256973992
3782,735.9137580653164
3783,757.2308708896508
3784,798.6498200296323
3785,852.3967416469483
3786,905.045917262248
3787,944.6877624203792
3788,964.337126724015
3789,957.9056394601878
3790,914.7585081700859
3791,822.6007485125305
3792,680.6559436629843
3793,512.6067242412454
3794,364.64100777527335
3795,284.31818834622305
3796,292.85367526390985
3797,371.37931280960044
3798,472.4394952039827
3799,548.6384358095929
3800,577.5552504968616
3801,566.600718998716
3802,538.6399775010391
3803,513.4269868555709
3804,499.5020205850435
3805,498.6559588657983
3806,513.473853500077
3807,548.3327952163905
3808,603.7180876862409
3809,671.7296106135606
3810,738.8173793757744
3811,792.9507801443824
3812,827.0280545007214
3813,834.84975467821
3814,805.67656481071
3815,727.1164558066514
3816,598.3042624865435
3817,442.8428659965548
3818,306.85001387525176
3819,237.82496338884465
3820,256.9333436158773
3821,345.2677665483342
3822,455.3440012890031
3823,539.7481719089942
3824,576.0516420692368
3825,571.6674549404157
3826,549.4725879379582
3827,529.2418742558397
3828,519.5448442618859
3829,522.2092830828776
3830,539.8639804679314
3831,576.935716277534
3832,633.9644986973633
3833,703.1089508725015
3834,770.8808669437763
3835,825.3134304654914
3836,859.3696829236596
3837,866.9149772505177
3838,837.2738251236908
3839,758.1161184309171
3840,628.6358258240602
3841,472.49135863627566
3842,335.8516489885041
3843,266.26213483609564
3844,284.92905570129585
3845,372.9795958594153
3846,482.9576945096128
3847,567.4709873447916
3848,604.1055448727537
3849,600.2822770038728
3850,578.8792625212196
3851,559.6658532705206
3852,551.199802391016
3853,555.2912077083826
3854,574.5457398805545
3855,613.3621908813676
3856,672.2483509310581
3857,743.327099629681
3858,813.0717213775692
3859,869.4749264815885
3860,905.458153409552
3861,914.8448744812373
3862,886.9183009059676
3863,809.3084545689233
3864,681.1716946338249
3865,526.1318806388934
3866,390.32720273641144
3867,321.27686240419933
3868,340.1659963782295
3869,428.10637093631
3870,537.6326571226543
3871,621.3497436844918
3872,656.8477468059154
3873,651.5585809791899
3874,628.3783462433718
3875,607.1013794512138
3876,596.3172183480069
3877,597.8742706190167
3878,614.4226600099571
3879,650.4112890865857
3880,706.4031323443966
3881,774.5806521953265
3882,841.4803562502376
3883,895.1609866037437
3884,928.6119270990278
3885,935.7255624473027
3886,905.8539972513431
3887,826.6951153483619
3888,697.4710809830533
3889,541.8684772337926
3890,406.08412623376785
3891,337.69078839363647
3892,357.92114701786335
3893,447.92761870198103
3894,560.2778127559611
3895,647.6011083874422
3896,687.5030197577596
3897,687.421223251135
3898,670.2475109787044
3899,655.7615256907911
3900,652.5275319873339
3901,662.3580205384048
3902,687.8566204493625
3903,733.4153607838772
3904,799.53029461106
3905,878.307376308443
3906,956.1976068431918
3907,1021.1659326851124
3908,1066.1004775528545
3909,1084.785832574873
3910,1066.4608033278405
3911,998.7055833062327
3912,880.6214430773337
3913,735.7721176251526
3914,610.2309223110083
3915,551.4477799783283
3916,580.5345504519553
3917,678.5261871953319
3918,797.8775286564936
3919,891.1111773764263
3920,935.7331214903618
3921,939.089957899967
3922,923.9919667222243
3923,910.1478784865324
3924,906.0625762183429
3925,913.5015175411099
3926,935.0343415049445
3927,975.0326921888447
3928,1033.9862648865771
3929,1104.0089597448814
3930,1171.5741533050643
3931,1224.6835710364062
3932,1256.2763393711398
3933,1260.2019437448012
3934,1225.7774940074548
3935,1140.674271109198
3936,1004.0966507515828
3937,839.7225941325435
3938,693.749745727633
3939,613.7613314412458
3940,621.0102603955825
3941,696.6789684555267
3942,793.374825309773
3943,863.7765732434088
3944,885.5484680185947
3945,866.195997483033
3946,828.6874438733665
3947,792.8871480486829
3948,767.451734288997
3949,754.293096917685
3950,756.1206292854806
3951,777.4377421094425
3952,818.8566912496233
3953,872.6036128667915
3954,925.252788484241
3955,964.8946336402254
3956,984.5439979442529
3957,978.1125106805184
3958,934.9653793901218
3959,842.8076197319025
3960,700.8628148817328
3961,532.813595462334
3962,384.8478789959282
3963,304.52505956589516
3964,313.0605464849862
3965,391.58618403105237
3966,492.6463664252294
3967,568.8453070296054
3968,597.7621217180699
3969,586.8075902203809
3970,558.8468487205121
3971,533.6338580755507
3972,519.7088918055407
3973,518.8628300883653
3974,533.6807247207252
3975,568.5396664364089
3976,623.9249589060826
3977,691.9364818330396
3978,759.0242505954279
3979,813.1576513646442
3980,847.2349257213511
3981,855.0566258989056
3982,825.8834360290709
3983,747.3233270262061
3984,618.5111337125247
3985,463.04973721533196
3986,327.0568850943565
3987,258.0318346086902
3988,277.1402148347484
3989,365.4746377668631
3990,475.5508725081314
3991,559.9550431292732
3992,596.258513288886
3993,591.8743261597738
3994,569.6794591573284
3995,549.4487454758626
3996,539.7517154805863
3997,542.416154303239
3998,560.0708516881535
3999,597.1425874973664
4000,654.1713699170172
4001,723.3158220919867
4002,791.0877381634228
4003,845.5203016860086
4004,879.5765541443135
4005,887.1218484712386
4006,857.4806963438507
4007,778.3229896504185
4008,648.8426970429427
4009,492.69822985754536
4010,356.0585202095294
4011,286.4690060560474
4012,305.13592692193527
4013,393.18646707635185
4014,503.164565730444
4015,587.6778585650202
4016,624.3124160941717
4017,620.4891482247357
4018,599.086133740601
4019,579.8727244903955
4020,571.4066736113966
4021,575.4980789290171
4022,594.7526111010523
4023,633.5690621013024
4024,692.4552221526105
4025,763.5339708494331
4026,833.2785925974888
4027,889.6817977019055
4028,925.6650246302424
4029,935.0517457019994
4030,907.1251721241183
4031,829.5153257882591
4032,701.3785658527745
4033,546.3387518575585
4034,410.53407395544235
4035,341.48373362401003
4036,360.3728675967972
4037,448.31324215452076
4038,557.839528341454
4039,641.5566149048192
4040,677.0546180255767
4041,671.7654521985229
4042,648.5852174628811
4043,627.3082506711432
4044,616.5240895665942
4045,618.0811418396981
4046,634.6295312304237
4047,670.6181603067841
4048,726.6100035642153
4049,794.7875234149911
4050,861.6872274700762
4051,915.3678578240234
4052,948.8187983178541
4053,955.9324336676149
4054,926.0608684714765
4055,846.9019865678358
4056,717.6779522019096
4057,562.0753484552866
4058,426.2909974548636
4059,357.89765961367516
4060,378.1280182386988
4061,468.1344899231909
4062,580.4846839769657
4063,667.8079796074475
4064,707.7098909791372
4065,707.6280944729297
4066,690.454382198182
4067,675.9683969107817
4068,672.7344032078511
4069,682.5648917591836
4070,708.0634916700382
4071,753.6222320041954
4072,819.7371658323575
4073,898.5142475277652
4074,976.4044780626961
4075,1041.3728039019989
4076,1086.3073487735237
4077,1104.9927037956063
4078,1086.667674546215
4079,1018.9124545257587
4080,900.828314298046
4081,755.9789888442208
4082,630.4377935304433
4083,571.6546511985396
4084,600.7414216725654
4085,698.7330584134837
4086,818.0843998705927
4087,911.3180485969308
4088,955.9399927102111
4089,959.2968291194982
4090,944.1988379416889
4091,930.3547497064801
4092,926.2694474367587
4093,933.708388759024
4094,955.2412127254852
4095,995.2395634089977
4096,1054.1931361063896
4097,1124.2158309645292
4098,1191.7810245248752
4099,1244.8904422565183
4100,1276.4832105897844
4101,1280.4088149653128
4102,1245.9843652275752
4103,1160.8811423286254
4104,1024.3035219703584
4105,859.9294653542343
4106,713.9566169489647
4107,633.9682026615569
4108,641.2171316161593
4109,716.8858396764663
4110,813.5816965304965
4111,883.9834444632687
4112,905.7553392378006
4113,886.4028687047712
4114,848.8943150924232
4115,813.0940192696931
4116,787.658605509043
4117,774.4999681385234
4118,776.327500506209
4119,797.6446133277768
4120,839.0635624712445
4121,892.8104840889725
4122,945.4596597038176
4123,985.1015048601903
4124,1004.7508691645837
4125,998.3193819009164
4126,955.1722506083299
4127,863.0144909512862
4128,721.0696861023257
4129,553.0204666814615
4130,405.0547502154311
4131,324.731930786184
4132,333.26741770555896
4133,411.7930552520194
4134,512.853237643852
4135,589.0521782496062
4136,617.9689929374341
4137,607.0144614394493
4138,579.0537199401276
4139,553.8407292956385
4140,539.9157630261133
4141,539.069701306269
4142,553.8875959392808
4143,588.746537656666
4144,644.1318301212087
4145,712.1433530527465
4146,779.2311218152973
4147,833.3645225844924
4148,867.4417969400656
4149,875.2634971166775
4150,846.0903072493037
4151,767.5301982457673
4152,638.7180049314553
4153,483.25660843407195
4154,347.2637563152617
4155,278.2387058285732
4156,297.3470860554331
4157,385.68150898790304
4158,495.7577437289475
4159,580.1619143494564
4160,616.4653845084142
4161,612.0811973789874
4162,589.8863303786727
4163,569.6556166957021
4164,559.9585867009275
4165,562.6230255240272
4166,580.2777229088192
4167,617.3494587176546
4168,674.3782411390034
4169,743.5226933145625
4170,811.2946093853907
4171,865.7271729058353
4172,899.7834253645195
4173,907.328719691527
4174,877.6875675639931
4175,798.5298608701215
4176,669.0495682638502
4177,512.9051010829567
4178,376.2653914287269
4179,306.6758772760111
4180,325.34279814266773
4181,413.3933382974433
4182,523.3714369495274
4183,607.8847297851908
4184,644.5192873136951
4185,640.6960194439881
4186,619.2930049601052
4187,600.0795957104054
4188,591.6135448335529
4189,595.7049501470549
4190,614.9594823197225
4191,653.7759333215961
4192,712.6620933723187
4193,783.7408420689682
4194,853.4854638171792
4195,909.888668921786
4196,945.8718958486593
4197,955.2586169197355
4198,927.3320433445208
4199,849.7221970079972
4200,721.5854370718863
4201,566.5456230764513
4202,430.74094517468916
4203,361.69060484380924
4204,380.5797388176454
4205,468.5201133757201
4206,578.0463995624233
4207,661.7634861249778
4208,697.2614892451036
4209,691.9723234177584
4210,668.7920886840841
4211,647.515121891036
4212,636.7309607870257
4213,638.2880130617939
4214,654.8364024509207
4215,690.8250315268865
4216,746.8168747858001
4217,814.9943946312196
4218,881.8940986916248
4219,935.5747290440822
4220,969.0256695382787
4221,976.1393048904106
4222,946.2677396918389
4223,867.1088577877974
4224,737.8848234230983
4225,582.282219674184
4226,446.4978686741316
4227,378.1045308337258
4228,398.33488945896886
4229,488.3413611438252
4230,600.6915551973885
4231,688.0148508278481
4232,727.9167621987039
4233,727.834965692216
4234,710.6612534176593
4235,696.1752681307725
4236,692.941274428368
4237,702.7717629770376
4238,728.2703628884958
4239,773.829103224074
4240,839.9440370522913
4241,918.7211187475273
4242,996.6113492826138
4243,1061.5796751223997
4244,1106.514219992349
4245,1125.1995750137435
4246,1106.8745457706352
4247,1039.119325745644
4248,921.0351855173195
4249,776.185860062859
4250,650.6446647538417
4251,591.8615224178657
4252,620.9482928912212
4253,718.9399296345887
4254,838.2912710914806
4255,931.5249198171916
4256,976.1468639298231
4257,979.5037003388013
4258,964.4057091629812
4259,950.5616209264163
4260,946.4763186573857
4261,953.9152599797272
4262,975.4480839460653
4263,1015.4464346292
4264,1074.4000073278949
4265,1144.42270218664
4266,1211.9878957463993
4267,1265.0973134766425
4268,1296.6900818102736
4269,1300.6156861858672
4270,1266.191236447938
4271,1181.088013548355
4272,1044.5103931914591
4273,880.1363365727688
4274,734.1634881678341
4275,654.1750738811759
4276,661.4240028365338
4277,737.0927108971885
4278,833.7885677509911
4279,904.1903156807298
4280,925.9622104593387
4281,906.6097399239129
4282,869.1011863122322
4283,833.3008904900034
4284,807.8654767298647
4285,794.7068393566688
4286,796.5343717254827
4287,817.8514845479817
4288,859.270433690655
4289,913.0173553082299
4290,965.6665309190311
4291,1005.3083760800365
4292,1024.9577403848214
4293,1018.5262531187179
4294,975.3791218289447
4295,883.2213621712294
4296,741.2765573216353
4297,573.2273378999967
4298,425.26162143432794
4299,344.9388020058561
4300,353.4742889240459
4301,431.9999264701014
4302,533.0601088646339
4303,609.2590494702355
4304,638.1758641574214
4305,627.2213326591317
4306,599.2605911611992
4307,574.0476005153687
4308,560.122634244522
4309,559.2765725267693
4310,574.0944671596643
4311,608.9534088766794
4312,664.3387013408417
4313,732.3502242745941
4314,799.4379930365628
4315,853.5713938025484
4316,887.6486681607926
4317,895.4703683374435
4318,866.2971784696343
4319,787.7370694713788
4320,658.9248761504856
4321,503.4634796554084
4322,367.4706275344192
4323,298.4455770499302
4324,317.5539572761333
4325,405.8883802089856
4326,515.9646149498335
4327,600.3687855696963
4328,636.6722557298672
4329,632.2880686009121
4330,610.0932015980429
4331,589.8624879155514
4332,580.1654579212696
4333,582.8298967445983
4334,600.4845941276575
4335,637.5563299379543
4336,694.5851123584381
4337,763.7295645338286
4338,831.5014806048196
4339,885.9340441261207
4340,919.9902965851733
4341,927.5355909098795
4342,897.894438782739
